event,pc_time_s,controller_timestamp,robot_mode,segment,planned_rx_deg_s,planned_ry_deg_s,planned_rz_deg_s,cp,actual_wx_deg_s,actual_wy_deg_s,actual_wz_deg_s,latency_ms,response
feedback,0.010157,1786508756068,5,0,0.0,0.0,0.0,,0.0003849063941743225,-0.019280847162008286,0.0205993689596653,,
command,0.010612,,,1,10.0,0.0,-10.0,0,,,,10.577,"0,{395},RelMovLTool(0.000000,0.000000,0.000000,50.000000,0.000000,-50.000000,a=30,v=45,cp=0);"
feedback,0.016755,1786508756077,7,1,10.0,0.0,-10.0,,-0.016150038689374924,0.0064269970171153545,-0.027465814724564552,,
feedback,0.023400,1786508756085,7,1,10.0,0.0,-10.0,,-0.0003848909982480109,0.019280847162008286,0.006866445764899254,,
feedback,0.031286,1786508756094,7,1,10.0,0.0,-10.0,,-0.023016490042209625,0.006427001673728228,0.006866445764899254,,
feedback,0.039301,1786508756098,7,1,10.0,0.0,-10.0,,0.004449336789548397,0.0064269378781318665,5.336307567702092e-18,,
feedback,0.047285,1786508756106,7,1,10.0,0.0,-10.0,,-0.009668455459177494,0.025707824155688286,0.01373291015625,,
feedback,0.055709,1786508756115,7,1,10.0,0.0,-10.0,,0.004834243096411228,-0.012853906489908695,1.5246593050577406e-18,,
feedback,0.063472,1786508756123,7,1,10.0,0.0,-10.0,,-0.016150031238794327,0.0064269863069057465,0.006866449024528265,,
feedback,0.071604,1786508756132,7,1,10.0,0.0,-10.0,,-0.014502898789942265,0.038561657071113586,-0.0274658203125,,
feedback,0.080709,1786508756140,7,1,10.0,0.0,-10.0,,-0.1504656821489334,0.19923542439937592,-0.13046054542064667,,
feedback,0.088158,1786508756148,7,1,10.0,0.0,-10.0,,-0.35104498267173767,0.3856182396411896,-0.2540440559387207,,
feedback,0.096502,1786508756157,7,1,10.0,0.0,-10.0,,-0.549634575843811,0.5848498344421387,-0.33640748262405396,,
feedback,0.104315,1786508756165,7,1,10.0,0.0,-10.0,,-0.7612318992614746,0.745525062084198,-0.42560243606567383,,
feedback,0.112635,1786508756174,7,1,10.0,0.0,-10.0,,-0.8969749212265015,0.8869093656539917,-0.5559777021408081,,
feedback,0.121038,1786508756182,7,1,10.0,0.0,-10.0,,-1.1018097400665283,1.047593355178833,-0.5832915902137756,,
feedback,0.130452,1786508756190,7,1,10.0,0.0,-10.0,,-1.3019530773162842,1.1954102516174316,-0.7410089373588562,,
feedback,0.137725,1786508756199,7,1,10.0,0.0,-10.0,,-1.4720861911773682,1.4460612535476685,-0.7339164614677429,,
feedback,0.145941,1786508756208,7,1,10.0,0.0,-10.0,,-2.1112358570098877,1.9730279445648193,-1.2411458492279053,,
feedback,0.154253,1786508756216,7,1,10.0,0.0,-10.0,,-2.576772928237915,2.4036293029785156,-1.4805653095245361,,
feedback,0.162491,1786508756225,7,1,10.0,0.0,-10.0,,-2.949204206466675,2.6221914291381836,-1.8090033531188965,,
feedback,0.170659,1786508756233,7,1,10.0,0.0,-10.0,,-3.268479824066162,2.808720827102661,-2.0205392837524414,,
feedback,0.178738,1786508756237,7,1,10.0,0.0,-10.0,,-3.456183910369873,2.9758670330047607,-2.109034776687622,,
feedback,0.186819,1786508756246,7,1,10.0,0.0,-10.0,,-3.763216018676758,3.200949192047119,-2.3751578330993652,,
feedback,0.195112,1786508756254,7,1,10.0,0.0,-10.0,,-4.019960880279541,3.400261640548706,-2.6548848152160645,,
feedback,0.203504,1786508756262,7,1,10.0,0.0,-10.0,,-4.225589275360107,3.5546600818634033,-2.8589797019958496,,
feedback,0.211545,1786508756271,7,1,10.0,0.0,-10.0,,-4.808607578277588,3.870530366897583,-3.150682210922241,,
feedback,0.220548,1786508756279,7,1,10.0,0.0,-10.0,,-5.327741622924805,4.250452995300293,-3.455871820449829,,
feedback,0.228759,1786508756288,7,1,10.0,0.0,-10.0,,-5.737443447113037,4.84199333190918,-3.6709043979644775,,
feedback,0.236141,1786508756296,7,1,10.0,0.0,-10.0,,-5.760037899017334,5.104907512664795,-3.7305097579956055,,
feedback,0.247724,1786508756304,7,1,10.0,0.0,-10.0,,-5.7890944480896,5.348523139953613,-3.7831320762634277,,
feedback,0.252251,1786508756313,7,1,10.0,0.0,-10.0,,-5.808244228363037,5.3872246742248535,-3.656695604324341,,
feedback,0.260395,1786508756321,7,1,10.0,0.0,-10.0,,-6.068912506103516,5.567441940307617,-3.7962887287139893,,
feedback,0.268824,1786508756330,7,1,10.0,0.0,-10.0,,-6.156013011932373,5.592457294464111,-4.101503372192383,,
feedback,0.278631,1786508756339,7,1,10.0,0.0,-10.0,,-6.259362697601318,5.798444747924805,-3.981337785720825,,
feedback,0.285288,1786508756347,7,1,10.0,0.0,-10.0,,-6.234193801879883,5.746176242828369,-4.197938442230225,,
feedback,0.294019,1786508756356,7,1,10.0,0.0,-10.0,,-6.2116522789001465,5.650694847106934,-4.014533519744873,,
feedback,0.304561,1786508756360,7,1,10.0,0.0,-10.0,,-6.368529796600342,5.607592582702637,-3.976414680480957,,
feedback,0.309963,1786508756369,7,1,10.0,0.0,-10.0,,-6.25047492980957,5.555843353271484,-3.9539568424224854,,
feedback,0.318753,1786508756377,7,1,10.0,0.0,-10.0,,-6.211742401123047,5.740302562713623,-4.103434085845947,,
feedback,0.326784,1786508756385,7,1,10.0,0.0,-10.0,,-6.275606155395508,5.938013076782227,-4.237762928009033,,
feedback,0.335353,1786508756394,7,1,10.0,0.0,-10.0,,-6.319005489349365,6.084715366363525,-4.179774761199951,,
feedback,0.342617,1786508756402,7,1,10.0,0.0,-10.0,,-6.598817825317383,6.1124138832092285,-4.288707256317139,,
feedback,0.350890,1786508756411,7,1,10.0,0.0,-10.0,,-6.9320878982543945,6.289100646972656,-4.3216233253479,,
feedback,0.359866,1786508756419,7,1,10.0,0.0,-10.0,,-6.927285671234131,6.186949253082275,-4.468301296234131,,
feedback,0.367184,1786508756427,7,1,10.0,0.0,-10.0,,-7.075760364532471,5.99091911315918,-4.478928089141846,,
feedback,0.376663,1786508756436,7,1,10.0,0.0,-10.0,,-6.9195709228515625,5.9087347984313965,-4.141192436218262,,
feedback,0.384079,1786508756444,7,1,10.0,0.0,-10.0,,-6.907700061798096,5.895781517028809,-4.22694730758667,,
feedback,0.392503,1786508756453,7,1,10.0,0.0,-10.0,,-7.278395652770996,5.824499130249023,-4.289986610412598,,
feedback,0.401122,1786508756462,7,1,10.0,0.0,-10.0,,-7.152379035949707,5.989937782287598,-4.125520706176758,,
feedback,0.408763,1786508756470,7,1,10.0,0.0,-10.0,,-6.9300360679626465,6.228041648864746,-4.156575679779053,,
feedback,0.418538,1786508756479,7,1,10.0,0.0,-10.0,,-6.678222179412842,6.326263904571533,-4.02266263961792,,
feedback,0.425240,1786508756488,7,1,10.0,0.0,-10.0,,-6.632195949554443,6.351850509643555,-3.8539767265319824,,
feedback,0.433621,1786508756492,7,1,10.0,0.0,-10.0,,-6.712039947509766,6.398639678955078,-3.726928234100342,,
feedback,0.441838,1786508756501,7,1,10.0,0.0,-10.0,,-6.584347724914551,6.329267501831055,-3.994140148162842,,
feedback,0.449871,1786508756509,7,1,10.0,0.0,-10.0,,-6.380466938018799,6.029909133911133,-4.240650177001953,,
feedback,0.458056,1786508756517,7,1,10.0,0.0,-10.0,,-6.2436017990112305,5.879466533660889,-4.3016743659973145,,
feedback,0.466270,1786508756526,7,1,10.0,0.0,-10.0,,-6.157976150512695,5.991363525390625,-4.378050804138184,,
feedback,0.477496,1786508756534,7,1,10.0,0.0,-10.0,,-6.5163140296936035,5.82014799118042,-4.492554187774658,,
feedback,0.482498,1786508756542,7,1,10.0,0.0,-10.0,,-6.449373722076416,5.952589511871338,-4.438039302825928,,
feedback,0.490764,1786508756551,7,1,10.0,0.0,-10.0,,-6.4520487785339355,6.028269290924072,-4.497500419616699,,
feedback,0.499299,1786508756559,7,1,10.0,0.0,-10.0,,-6.357245922088623,6.162690162658691,-4.292994022369385,,
feedback,0.507096,1786508756568,7,1,10.0,0.0,-10.0,,-6.615736961364746,6.2613396644592285,-4.356228828430176,,
feedback,0.515179,1786508756576,7,1,10.0,0.0,-10.0,,-6.72763204574585,6.1575493812561035,-4.196346759796143,,
feedback,0.524220,1786508756585,7,1,10.0,0.0,-10.0,,-6.826897621154785,6.041158676147461,-4.07774019241333,,
feedback,0.533028,1786508756593,7,1,10.0,0.0,-10.0,,-6.848740577697754,5.843851089477539,-4.160012722015381,,
feedback,0.540649,1786508756601,7,1,10.0,0.0,-10.0,,-6.783517837524414,5.637127876281738,-3.991102695465088,,
feedback,0.548513,1786508756610,7,1,10.0,0.0,-10.0,,-6.798666000366211,5.6942138671875,-3.8987529277801514,,
feedback,0.556026,1786508756618,7,1,10.0,0.0,-10.0,,-6.842398166656494,5.833052158355713,-3.9782752990722656,,
feedback,0.564533,1786508756626,7,1,10.0,0.0,-10.0,,-7.170440673828125,5.8252644538879395,-4.346261501312256,,
feedback,0.572840,1786508756635,7,1,10.0,0.0,-10.0,,-7.124560832977295,5.938370227813721,-4.408000469207764,,
feedback,0.581121,1786508756639,7,1,10.0,0.0,-10.0,,-7.036645412445068,5.967685699462891,-4.40342378616333,,
feedback,0.591357,1786508756648,7,1,10.0,0.0,-10.0,,-6.634188652038574,6.122720718383789,-4.5347161293029785,,
feedback,0.597028,1786508756656,7,1,10.0,0.0,-10.0,,-6.577576637268066,6.20997428894043,-4.542198657989502,,
feedback,0.605128,1786508756664,7,1,10.0,0.0,-10.0,,-6.635838508605957,6.1744561195373535,-4.473908424377441,,
feedback,0.613959,1786508756673,7,1,10.0,0.0,-10.0,,-6.44014835357666,6.001907825469971,-4.16041374206543,,
feedback,0.622226,1786508756681,7,1,10.0,0.0,-10.0,,-6.394375324249268,5.836115837097168,-4.03976583480835,,
feedback,0.629965,1786508756690,7,1,10.0,0.0,-10.0,,-6.287359714508057,5.73456335067749,-4.143178462982178,,
feedback,0.638548,1786508756698,7,1,10.0,0.0,-10.0,,-6.1737470626831055,5.820068836212158,-4.112879753112793,,
feedback,0.649074,1786508756706,7,1,10.0,0.0,-10.0,,-6.362534046173096,5.946897029876709,-4.103196144104004,,
feedback,0.654638,1786508756715,7,1,10.0,0.0,-10.0,,-6.665632247924805,6.167561054229736,-4.041213035583496,,
feedback,0.662687,1786508756723,7,1,10.0,0.0,-10.0,,-6.477930545806885,6.261442184448242,-4.076659202575684,,
feedback,0.670627,1786508756732,7,1,10.0,0.0,-10.0,,-6.425278663635254,6.297022342681885,-4.020420074462891,,
feedback,0.679831,1786508756740,7,1,10.0,0.0,-10.0,,-6.441814422607422,6.366408824920654,-4.306745529174805,,
feedback,0.687432,1786508756749,7,1,10.0,0.0,-10.0,,-6.64574670791626,6.297628879547119,-4.291424751281738,,
feedback,0.695590,1786508756757,7,1,10.0,0.0,-10.0,,-6.79443883895874,6.092923164367676,-4.303494930267334,,
feedback,0.703351,1786508756766,7,1,10.0,0.0,-10.0,,-6.878889560699463,6.2068352699279785,-4.318799018859863,,
feedback,0.711870,1786508756774,7,1,10.0,0.0,-10.0,,-6.892544269561768,5.949065208435059,-4.35033655166626,,
feedback,0.719994,1786508756778,7,1,10.0,0.0,-10.0,,-6.895633220672607,5.868125915527344,-4.415342807769775,,
feedback,0.728118,1786508756787,7,1,10.0,0.0,-10.0,,-6.904290199279785,5.889423847198486,-4.32259464263916,,
feedback,0.736984,1786508756795,7,1,10.0,0.0,-10.0,,-6.9576592445373535,6.091880798339844,-4.085148811340332,,
feedback,0.744547,1786508756804,7,1,10.0,0.0,-10.0,,-7.385822296142578,6.311734676361084,-4.06136417388916,,
feedback,0.753819,1786508756812,7,1,10.0,0.0,-10.0,,-7.136570930480957,6.26772928237915,-4.250188827514648,,
feedback,0.760666,1786508756821,7,1,10.0,0.0,-10.0,,-6.985097885131836,6.284317493438721,-4.222066402435303,,
feedback,0.768936,1786508756829,7,1,10.0,0.0,-10.0,,-6.77533483505249,6.1347222328186035,-4.166389465332031,,
feedback,0.777834,1786508756838,7,1,10.0,0.0,-10.0,,-6.533930778503418,6.050069808959961,-4.1348724365234375,,
feedback,0.786531,1786508756846,7,1,10.0,0.0,-10.0,,-6.453488826751709,5.893359661102295,-4.064074516296387,,
feedback,0.794666,1786508756854,7,1,10.0,0.0,-10.0,,-6.420909881591797,5.797545909881592,-3.999032974243164,,
feedback,0.803239,1786508756863,7,1,10.0,0.0,-10.0,,-6.325450420379639,5.681507587432861,-4.089094161987305,,
feedback,0.811591,1786508756871,7,1,10.0,0.0,-10.0,,-6.161351203918457,5.534384727478027,-4.134680271148682,,
feedback,0.818363,1786508756880,7,1,10.0,0.0,-10.0,,-6.160275459289551,5.898766994476318,-4.525796890258789,,
feedback,0.827622,1786508756888,7,1,10.0,0.0,-10.0,,-6.510828495025635,6.098428726196289,-4.48394250869751,,
feedback,0.836091,1786508756897,7,1,10.0,0.0,-10.0,,-6.596668720245361,6.04179048538208,-4.363526821136475,,
feedback,0.843283,1786508756905,7,1,10.0,0.0,-10.0,,-6.471369743347168,6.104376792907715,-4.309102535247803,,
feedback,0.851501,1786508756909,7,1,10.0,0.0,-10.0,,-6.45019006729126,6.03872013092041,-4.190192699432373,,
feedback,0.859615,1786508756918,7,1,10.0,0.0,-10.0,,-6.366614818572998,5.950216770172119,-4.239075183868408,,
feedback,0.867744,1786508756926,7,1,10.0,0.0,-10.0,,-6.335005760192871,5.900806427001953,-4.340497970581055,,
feedback,0.875086,1786508756934,7,1,10.0,0.0,-10.0,,-6.541478633880615,5.8741068840026855,-4.074278831481934,,
feedback,0.884332,1786508756943,7,1,10.0,0.0,-10.0,,-6.663893222808838,5.701108932495117,-4.215787887573242,,
feedback,0.892008,1786508756951,7,1,10.0,0.0,-10.0,,-6.717129707336426,5.702691555023193,-4.0368242263793945,,
feedback,0.900503,1786508756960,7,1,10.0,0.0,-10.0,,-6.843812465667725,5.951925277709961,-3.878573179244995,,
feedback,0.908096,1786508756968,7,1,10.0,0.0,-10.0,,-6.998617649078369,6.136734962463379,-3.855299472808838,,
feedback,0.917096,1786508756977,7,1,10.0,0.0,-10.0,,-7.060402870178223,6.179778099060059,-4.137904167175293,,
feedback,0.924440,1786508756985,7,1,10.0,0.0,-10.0,,-7.128419399261475,6.306084632873535,-4.28438138961792,,
feedback,0.932528,1786508756994,7,1,10.0,0.0,-10.0,,-7.355562686920166,6.404057025909424,-4.479834079742432,,
feedback,0.941408,1786508757002,7,1,10.0,0.0,-10.0,,-7.106706619262695,6.267239093780518,-4.409113883972168,,
feedback,0.949335,1786508757010,7,1,10.0,0.0,-10.0,,-6.926313400268555,6.108930587768555,-4.511794090270996,,
feedback,0.956889,1786508757019,7,1,10.0,0.0,-10.0,,-6.576800346374512,5.888498306274414,-4.536777019500732,,
feedback,0.965357,1786508757027,7,1,10.0,0.0,-10.0,,-6.422318458557129,5.867245197296143,-4.332339286804199,,
feedback,0.973868,1786508757036,7,1,10.0,0.0,-10.0,,-6.566772937774658,5.956042289733887,-4.126949787139893,,
feedback,0.982036,1786508757044,7,1,10.0,0.0,-10.0,,-6.508626461029053,5.891546726226807,-4.023630142211914,,
feedback,0.989793,1786508757048,7,1,10.0,0.0,-10.0,,-6.620538234710693,6.25663423538208,-3.8941965103149414,,
feedback,0.998807,1786508757057,7,1,10.0,0.0,-10.0,,-6.453018665313721,6.14810037612915,-4.225072860717773,,
feedback,1.006714,1786508757065,7,1,10.0,0.0,-10.0,,-6.46470832824707,6.37354040145874,-4.263176918029785,,
feedback,1.014926,1786508757074,7,1,10.0,0.0,-10.0,,-6.310616493225098,6.263664245605469,-4.035826683044434,,
feedback,1.023787,1786508757082,7,1,10.0,0.0,-10.0,,-6.648682594299316,6.381252288818359,-3.897270679473877,,
feedback,1.032059,1786508757090,7,1,10.0,0.0,-10.0,,-6.5525383949279785,6.120413303375244,-4.19019079208374,,
feedback,1.042597,1786508757099,7,1,10.0,0.0,-10.0,,-6.425242900848389,5.992304801940918,-4.366700649261475,,
feedback,1.047300,1786508757108,7,1,10.0,0.0,-10.0,,-6.269879341125488,5.699021339416504,-4.318521499633789,,
feedback,1.056351,1786508757116,7,1,10.0,0.0,-10.0,,-6.215810775756836,5.6557793617248535,-4.347064971923828,,
feedback,1.063958,1786508757124,7,1,10.0,0.0,-10.0,,-6.465065956115723,5.7661662101745605,-4.436091423034668,,
feedback,1.071937,1786508757133,7,1,10.0,0.0,-10.0,,-6.643396377563477,5.803627014160156,-4.445594787597656,,
feedback,1.080220,1786508757141,7,1,10.0,0.0,-10.0,,-6.814598083496094,5.957056999206543,-4.115250587463379,,
feedback,1.088964,1786508757150,7,1,10.0,0.0,-10.0,,-6.825717926025391,6.067631721496582,-4.059946060180664,,
feedback,1.096329,1786508757158,7,1,10.0,0.0,-10.0,,-7.038032531738281,6.1782965660095215,-4.302887916564941,,
feedback,1.104704,1786508757166,7,1,10.0,0.0,-10.0,,-7.026143550872803,6.281108379364014,-4.153241157531738,,
feedback,1.112737,1786508757175,7,1,10.0,0.0,-10.0,,-6.995634078979492,6.0708699226379395,-4.255148887634277,,
feedback,1.120947,1786508757183,7,1,10.0,0.0,-10.0,,-7.118595123291016,5.891038417816162,-3.9983065128326416,,
feedback,1.129048,1786508757191,7,1,10.0,0.0,-10.0,,-6.865016460418701,5.642645835876465,-3.7123029232025146,,
feedback,1.137216,1786508757196,7,1,10.0,0.0,-10.0,,-6.852185249328613,5.730471611022949,-3.784796953201294,,
feedback,1.145437,1786508757204,7,1,10.0,0.0,-10.0,,-6.649982452392578,5.676415920257568,-4.103893756866455,,
feedback,1.153936,1786508757213,7,1,10.0,0.0,-10.0,,-6.555366039276123,5.730823993682861,-4.410488128662109,,
feedback,1.162271,1786508757221,7,1,10.0,0.0,-10.0,,-6.345614910125732,5.909145832061768,-4.312657833099365,,
feedback,1.170627,1786508757231,7,1,10.0,0.0,-10.0,,-6.577041149139404,6.093980312347412,-4.459414958953857,,
feedback,1.178892,1786508757240,7,1,10.0,0.0,-10.0,,-6.613471984863281,6.202446460723877,-4.607804298400879,,
feedback,1.186883,1786508757248,7,1,10.0,0.0,-10.0,,-6.636413097381592,6.330118179321289,-4.429168224334717,,
feedback,1.195104,1786508757256,7,1,10.0,0.0,-10.0,,-6.517054080963135,6.341471195220947,-4.032527923583984,,
feedback,1.203307,1786508757265,7,1,10.0,0.0,-10.0,,-6.435038089752197,6.1861419677734375,-4.286773204803467,,
feedback,1.211381,1786508757273,7,1,10.0,0.0,-10.0,,-6.3046770095825195,6.003486633300781,-4.324495792388916,,
feedback,1.219674,1786508757282,7,1,10.0,0.0,-10.0,,-6.5326409339904785,5.934925079345703,-4.128708362579346,,
feedback,1.227619,1786508757290,7,1,10.0,0.0,-10.0,,-6.525077819824219,5.9069037437438965,-4.153438568115234,,
feedback,1.236005,1786508757298,7,1,10.0,0.0,-10.0,,-6.3798675537109375,5.973836898803711,-4.094422340393066,,
feedback,1.244365,1786508757303,7,1,10.0,0.0,-10.0,,-6.364104270935059,5.954865455627441,-3.9420576095581055,,
feedback,1.252307,1786508757311,7,1,10.0,0.0,-10.0,,-6.427839756011963,6.236713409423828,-3.793278694152832,,
feedback,1.261415,1786508757320,7,1,10.0,0.0,-10.0,,-6.472405910491943,6.270735740661621,-4.125543594360352,,
feedback,1.270764,1786508757328,7,1,10.0,0.0,-10.0,,-6.807229518890381,6.328002452850342,-4.115164756774902,,
feedback,1.277443,1786508757337,7,1,10.0,0.0,-10.0,,-7.035977840423584,6.485454082489014,-4.314423561096191,,
feedback,1.285194,1786508757345,7,1,10.0,0.0,-10.0,,-7.047898769378662,6.312861442565918,-4.4745941162109375,,
feedback,1.293438,1786508757353,7,1,10.0,0.0,-10.0,,-7.074558258056641,6.37438440322876,-4.436525821685791,,
feedback,1.302753,1786508757362,7,1,10.0,0.0,-10.0,,-6.91489839553833,6.0230937004089355,-4.290387153625488,,
feedback,1.310372,1786508757370,7,1,10.0,0.0,-10.0,,-6.802760124206543,5.952095031738281,-4.083650588989258,,
feedback,1.318486,1786508757379,7,1,10.0,0.0,-10.0,,-6.761189937591553,5.784968852996826,-4.15378999710083,,
feedback,1.329658,1786508757387,7,1,10.0,0.0,-10.0,,-7.078594207763672,6.060171127319336,-4.175297260284424,,
feedback,1.335078,1786508757395,7,1,10.0,0.0,-10.0,,-7.2108354568481445,6.185615539550781,-4.0033674240112305,,
feedback,1.343493,1786508757404,7,1,10.0,0.0,-10.0,,-6.932908058166504,6.090970993041992,-4.076168537139893,,
feedback,1.351373,1786508757412,7,1,10.0,0.0,-10.0,,-6.702297687530518,6.017881393432617,-4.0905327796936035,,
feedback,1.359834,1786508757421,7,1,10.0,0.0,-10.0,,-6.557868003845215,5.994988441467285,-3.945270538330078,,
feedback,1.367810,1786508757429,7,1,10.0,0.0,-10.0,,-6.435910701751709,5.989790916442871,-4.082835674285889,,
feedback,1.375532,1786508757437,7,1,10.0,0.0,-10.0,,-6.46853494644165,5.932928562164307,-4.377892971038818,,
feedback,1.383440,1786508757446,7,1,10.0,0.0,-10.0,,-6.546359062194824,5.956613540649414,-4.512217998504639,,
feedback,1.392153,1786508757454,7,1,10.0,0.0,-10.0,,-6.4320759773254395,5.732267379760742,-4.50650691986084,,
feedback,1.400548,1786508757458,7,1,10.0,0.0,-10.0,,-6.289335250854492,5.523138523101807,-4.430103778839111,,
feedback,1.408309,1786508757467,7,1,10.0,0.0,-10.0,,-6.293409824371338,5.535017967224121,-4.422013282775879,,
feedback,1.416751,1786508757475,7,1,10.0,0.0,-10.0,,-6.160523891448975,5.804089069366455,-4.241078853607178,,
feedback,1.424228,1786508757484,7,1,10.0,0.0,-10.0,,-6.351922988891602,5.914865016937256,-4.240415573120117,,
feedback,1.432774,1786508757492,7,1,10.0,0.0,-10.0,,-6.6639723777771,6.069430828094482,-4.199344158172607,,
feedback,1.441339,1786508757501,7,1,10.0,0.0,-10.0,,-6.576663970947266,6.216480731964111,-4.2027907371521,,
feedback,1.448934,1786508757509,7,1,10.0,0.0,-10.0,,-6.47807502746582,6.1120710372924805,-4.248297214508057,,
feedback,1.457185,1786508757517,7,1,10.0,0.0,-10.0,,-6.528243064880371,6.200555324554443,-4.257957935333252,,
feedback,1.465766,1786508757526,7,1,10.0,0.0,-10.0,,-6.334870338439941,6.05589485168457,-4.156166076660156,,
feedback,1.473636,1786508757534,7,1,10.0,0.0,-10.0,,-6.533773422241211,6.087906360626221,-3.879739999771118,,
feedback,1.481748,1786508757543,7,1,10.0,0.0,-10.0,,-6.621277332305908,5.9376091957092285,-3.8433194160461426,,
feedback,1.490930,1786508757551,7,1,10.0,0.0,-10.0,,-6.697244167327881,5.763854503631592,-4.181222438812256,,
feedback,1.498201,1786508757559,7,1,10.0,0.0,-10.0,,-6.790857315063477,5.989274024963379,-4.427771091461182,,
feedback,1.506439,1786508757568,7,1,10.0,0.0,-10.0,,-6.899721145629883,6.025471210479736,-4.439512729644775,,
feedback,1.514379,1786508757576,7,1,10.0,0.0,-10.0,,-7.034339427947998,6.226923942565918,-4.374862194061279,,
feedback,1.522740,1786508757585,7,1,10.0,0.0,-10.0,,-7.015657424926758,6.361163139343262,-4.327072620391846,,
feedback,1.531289,1786508757593,7,1,10.0,0.0,-10.0,,-7.0601487159729,6.2869343757629395,-4.216522693634033,,
feedback,1.540144,1786508757597,7,1,10.0,0.0,-10.0,,-6.980696678161621,6.1916093826293945,-4.192585468292236,,
feedback,1.548925,1786508757606,7,1,10.0,0.0,-10.0,,-7.334413528442383,6.285185813903809,-4.235028266906738,,
feedback,1.555976,1786508757614,7,1,10.0,0.0,-10.0,,-7.24544095993042,6.263113498687744,-4.264984607696533,,
feedback,1.563481,1786508757623,7,1,10.0,0.0,-10.0,,-6.834020137786865,6.044690132141113,-4.161700248718262,,
feedback,1.572274,1786508757631,7,1,10.0,0.0,-10.0,,-6.600022315979004,5.898470878601074,-4.191829204559326,,
feedback,1.579920,1786508757639,7,1,10.0,0.0,-10.0,,-6.430577754974365,5.802380084991455,-3.867431640625,,
feedback,1.588660,1786508757648,7,1,10.0,0.0,-10.0,,-6.262444972991943,5.731523513793945,-3.8860135078430176,,
feedback,1.596112,1786508757656,7,1,10.0,0.0,-10.0,,-6.432728290557861,5.895143985748291,-4.187567234039307,,
feedback,1.607956,1786508757665,7,1,10.0,0.0,-10.0,,-6.623318672180176,6.098706245422363,-4.27534294128418,,
feedback,1.612319,1786508757673,7,1,10.0,0.0,-10.0,,-6.6858367919921875,6.155869007110596,-4.310938358306885,,
feedback,1.620690,1786508757681,7,1,10.0,0.0,-10.0,,-6.609347820281982,6.142169952392578,-4.346325397491455,,
feedback,1.629397,1786508757690,7,1,10.0,0.0,-10.0,,-6.504026412963867,6.114933490753174,-4.6135945320129395,,
feedback,1.637763,1786508757698,7,1,10.0,0.0,-10.0,,-6.445541858673096,6.014756202697754,-4.633799076080322,,
feedback,1.645312,1786508757707,7,1,10.0,0.0,-10.0,,-6.393572807312012,5.960111141204834,-4.296475887298584,,
feedback,1.653403,1786508757715,7,1,10.0,0.0,-10.0,,-6.487515449523926,5.805192947387695,-4.248646259307861,,
feedback,1.663870,1786508757723,7,1,10.0,0.0,-10.0,,-6.307710647583008,5.623542785644531,-4.2422261238098145,,
feedback,1.669919,1786508757732,7,1,10.0,0.0,-10.0,,-6.1807966232299805,5.511401653289795,-4.134824275970459,,
feedback,1.678706,1786508757740,7,1,10.0,0.0,-10.0,,-6.2118754386901855,5.562981605529785,-3.999810218811035,,
feedback,1.686209,1786508757745,7,1,10.0,0.0,-10.0,,-6.255614280700684,5.866164207458496,-3.990809679031372,,
feedback,1.695252,1786508757753,7,1,10.0,0.0,-10.0,,-6.369116306304932,5.975737571716309,-3.776883363723755,,
feedback,1.702694,1786508757761,7,1,10.0,0.0,-10.0,,-6.631941795349121,6.178420543670654,-3.8236732482910156,,
feedback,1.711303,1786508757770,7,1,10.0,0.0,-10.0,,-6.787185192108154,6.102503299713135,-4.117961883544922,,
feedback,1.718612,1786508757779,7,1,10.0,0.0,-10.0,,-6.828413963317871,6.120213031768799,-4.290465354919434,,
feedback,1.728176,1786508757787,7,1,10.0,0.0,-10.0,,-6.880788326263428,6.282451152801514,-4.339670658111572,,
feedback,1.735437,1786508757796,7,1,10.0,0.0,-10.0,,-7.0826311111450195,6.326168537139893,-4.591619491577148,,
feedback,1.743585,1786508757804,7,1,10.0,0.0,-10.0,,-6.969668865203857,6.085194110870361,-4.403021812438965,,
feedback,1.752047,1786508757812,7,1,10.0,0.0,-10.0,,-6.8675079345703125,6.033420085906982,-4.198091506958008,,
feedback,1.759926,1786508757821,7,1,10.0,0.0,-10.0,,-6.7497782707214355,5.864967346191406,-4.050676345825195,,
feedback,1.767937,1786508757829,7,1,10.0,0.0,-10.0,,-6.930006504058838,5.999104976654053,-4.333505153656006,,
feedback,1.776799,1786508757838,7,1,10.0,0.0,-10.0,,-7.199492931365967,6.111340522766113,-4.189920425415039,,
feedback,1.784059,1786508757846,7,1,10.0,0.0,-10.0,,-7.0396246910095215,6.221181392669678,-4.097267150878906,,
feedback,1.792353,1786508757854,7,1,10.0,0.0,-10.0,,-6.958442687988281,6.413214683532715,-4.066091537475586,,
feedback,1.800457,1786508757863,7,1,10.0,0.0,-10.0,,-6.772100925445557,6.351479530334473,-4.081765651702881,,
feedback,1.809420,1786508757871,7,1,10.0,0.0,-10.0,,-6.623932838439941,6.27392578125,-3.930493116378784,,
feedback,1.816918,1786508757875,7,1,10.0,0.0,-10.0,,-6.52963399887085,6.168614864349365,-4.100375652313232,,
feedback,1.828697,1786508757884,7,1,10.0,0.0,-10.0,,-6.4916911125183105,6.095753192901611,-4.282423973083496,,
feedback,1.833281,1786508757892,7,1,10.0,0.0,-10.0,,-6.639721870422363,5.957508087158203,-4.34210729598999,,
feedback,1.842348,1786508757901,7,1,10.0,0.0,-10.0,,-6.585965633392334,5.83595085144043,-4.493494987487793,,
feedback,1.850031,1786508757909,7,1,10.0,0.0,-10.0,,-6.52415132522583,5.844119548797607,-4.497079372406006,,
feedback,1.858193,1786508757918,7,1,10.0,0.0,-10.0,,-6.35176944732666,5.761263370513916,-4.3164591789245605,,
feedback,1.866163,1786508757926,7,1,10.0,0.0,-10.0,,-6.314373970031738,5.837543964385986,-4.339638710021973,,
feedback,1.874804,1786508757935,7,1,10.0,0.0,-10.0,,-6.376832962036133,6.05440616607666,-4.329109191894531,,
feedback,1.882735,1786508757943,7,1,10.0,0.0,-10.0,,-6.4505157470703125,6.169612407684326,-4.435020923614502,,
feedback,1.890375,1786508757951,7,1,10.0,0.0,-10.0,,-6.754656791687012,6.16671895980835,-4.092764854431152,,
feedback,1.899027,1786508757960,7,1,10.0,0.0,-10.0,,-6.6071295738220215,6.087095737457275,-4.201007843017578,,
feedback,1.907267,1786508757968,7,1,10.0,0.0,-10.0,,-6.442136287689209,5.996345520019531,-4.158955097198486,,
feedback,1.915065,1786508757977,7,1,10.0,0.0,-10.0,,-6.466338634490967,6.0326924324035645,-4.084761619567871,,
feedback,1.923627,1786508757985,7,1,10.0,0.0,-10.0,,-6.374225616455078,5.919064044952393,-4.077788829803467,,
feedback,1.931197,1786508757993,7,1,10.0,0.0,-10.0,,-6.332927703857422,5.73291015625,-4.131900310516357,,
feedback,1.939662,1786508758002,7,1,10.0,0.0,-10.0,,-6.484025001525879,5.668361663818359,-4.272507190704346,,
feedback,1.947758,1786508758006,7,1,10.0,0.0,-10.0,,-6.513187408447266,5.571847915649414,-4.321280479431152,,
feedback,1.956337,1786508758014,7,1,10.0,0.0,-10.0,,-6.731977939605713,5.817269325256348,-4.431849002838135,,
feedback,1.964493,1786508758023,7,1,10.0,0.0,-10.0,,-6.773305416107178,5.917920112609863,-4.282350063323975,,
feedback,1.972066,1786508758031,7,1,10.0,0.0,-10.0,,-6.738338470458984,5.973407745361328,-4.3478779792785645,,
feedback,1.980324,1786508758040,7,1,10.0,0.0,-10.0,,-6.877914905548096,6.187361717224121,-4.221322536468506,,
feedback,1.988249,1786508758048,7,1,10.0,0.0,-10.0,,-6.943270206451416,6.2022480964660645,-4.376054286956787,,
feedback,1.996833,1786508758057,7,1,10.0,0.0,-10.0,,-6.9077534675598145,6.162543773651123,-4.301302433013916,,
feedback,2.005239,1786508758065,7,1,10.0,0.0,-10.0,,-6.910579681396484,6.167275905609131,-4.125017166137695,,
feedback,2.013595,1786508758073,7,1,10.0,0.0,-10.0,,-6.887733459472656,6.103878974914551,-4.1836395263671875,,
feedback,2.022263,1786508758082,7,1,10.0,0.0,-10.0,,-7.119887828826904,6.0699872970581055,-3.9730331897735596,,
feedback,2.030397,1786508758090,7,1,10.0,0.0,-10.0,,-6.8297929763793945,5.94419527053833,-3.5924575328826904,,
feedback,2.038919,1786508758099,7,1,10.0,0.0,-10.0,,-6.698880672454834,5.896159648895264,-3.7245004177093506,,
feedback,2.048768,1786508758107,7,1,10.0,0.0,-10.0,,-6.77865743637085,5.936495780944824,-4.150988578796387,,
feedback,2.054728,1786508758116,7,1,10.0,0.0,-10.0,,-6.722898483276367,6.165541648864746,-4.435060024261475,,
feedback,2.062863,1786508758124,7,1,10.0,0.0,-10.0,,-6.709190368652344,6.359238147735596,-4.4402899742126465,,
feedback,2.071274,1786508758132,7,1,10.0,0.0,-10.0,,-6.7346930503845215,6.411179542541504,-4.606696128845215,,
feedback,2.079502,1786508758141,7,1,10.0,0.0,-10.0,,-6.63651180267334,6.176359176635742,-4.455080032348633,,
feedback,2.087806,1786508758149,7,1,10.0,0.0,-10.0,,-6.619906902313232,6.196556568145752,-4.234792232513428,,
feedback,2.098159,1786508758158,7,1,10.0,0.0,-10.0,,-6.547679901123047,6.092245101928711,-4.226317882537842,,
feedback,2.103307,1786508758166,7,1,10.0,0.0,-10.0,,-6.509615421295166,5.942860126495361,-4.135585308074951,,
feedback,2.112168,1786508758170,7,1,10.0,0.0,-10.0,,-6.441392421722412,5.841323375701904,-4.070036888122559,,
feedback,2.120353,1786508758179,7,1,10.0,0.0,-10.0,,-6.333683490753174,5.7368597984313965,-3.991154193878174,,
feedback,2.129218,1786508758187,7,1,10.0,0.0,-10.0,,-6.2326507568359375,5.589632034301758,-3.988994598388672,,
feedback,2.136653,1786508758196,7,1,10.0,0.0,-10.0,,-6.249174118041992,5.822346210479736,-3.874846935272217,,
feedback,2.145169,1786508758204,7,1,10.0,0.0,-10.0,,-6.63341760635376,6.133270263671875,-4.045654296875,,
feedback,2.155198,1786508758213,7,1,10.0,0.0,-10.0,,-6.693357944488525,6.108597755432129,-4.213136196136475,,
feedback,2.160906,1786508758221,7,1,10.0,0.0,-10.0,,-6.557525157928467,6.066451072692871,-4.200231552124023,,
feedback,2.169483,1786508758229,7,1,10.0,0.0,-10.0,,-6.525551795959473,6.054548263549805,-4.41581392288208,,
feedback,2.177551,1786508758238,7,1,10.0,0.0,-10.0,,-6.604784965515137,6.083437919616699,-4.415040016174316,,
feedback,2.186332,1786508758247,7,1,10.0,0.0,-10.0,,-6.533703804016113,5.971384525299072,-4.480673313140869,,
feedback,2.194180,1786508758255,7,1,10.0,0.0,-10.0,,-6.299179553985596,5.746562480926514,-4.464593410491943,,
feedback,2.204047,1786508758264,7,1,10.0,0.0,-10.0,,-6.349911212921143,5.485969543457031,-4.16098165512085,,
feedback,2.211266,1786508758273,7,1,10.0,0.0,-10.0,,-6.474670886993408,5.507874488830566,-4.254683494567871,,
feedback,2.219718,1786508758281,7,1,10.0,0.0,-10.0,,-6.700068950653076,5.747837543487549,-4.1564130783081055,,
feedback,2.228204,1786508758290,7,1,10.0,0.0,-10.0,,-6.761962890625,5.871985912322998,-4.2494025230407715,,
feedback,2.236123,1786508758298,7,1,10.0,0.0,-10.0,,-6.713155746459961,6.023187160491943,-3.929029941558838,,
feedback,2.244403,1786508758302,7,1,10.0,0.0,-10.0,,-6.813253402709961,6.08754301071167,-3.9559125900268555,,
feedback,2.252126,1786508758311,7,1,10.0,0.0,-10.0,,-6.903378963470459,6.247250556945801,-3.7605092525482178,,
feedback,2.260258,1786508758319,7,1,10.0,0.0,-10.0,,-6.970850467681885,6.38135290145874,-4.330352306365967,,
feedback,2.269070,1786508758328,7,1,10.0,0.0,-10.0,,-6.949921131134033,6.246639251708984,-4.321381568908691,,
feedback,2.276532,1786508758336,7,1,10.0,0.0,-10.0,,-6.913026809692383,6.160849571228027,-4.390719413757324,,
feedback,2.284621,1786508758345,7,1,10.0,0.0,-10.0,,-6.9184250831604,6.038610458374023,-4.369870185852051,,
feedback,2.293490,1786508758353,7,1,10.0,0.0,-10.0,,-7.1009979248046875,5.93783712387085,-4.239045143127441,,
feedback,2.300724,1786508758361,7,1,10.0,0.0,-10.0,,-6.843753814697266,5.881806373596191,-4.203310012817383,,
feedback,2.309039,1786508758370,7,1,10.0,0.0,-10.0,,-6.75646448135376,5.801018238067627,-3.9607598781585693,,
feedback,2.317519,1786508758378,7,1,10.0,0.0,-10.0,,-6.816976070404053,6.0713982582092285,-4.136317729949951,,
feedback,2.325476,1786508758387,7,1,10.0,0.0,-10.0,,-6.804585933685303,6.166353225708008,-4.210937023162842,,
feedback,2.334670,1786508758395,7,1,10.0,0.0,-10.0,,-6.7245354652404785,6.249779224395752,-4.107931137084961,,
feedback,2.342392,1786508758403,7,1,10.0,0.0,-10.0,,-6.435940265655518,6.094263553619385,-4.18739652633667,,
feedback,2.350496,1786508758412,7,1,10.0,0.0,-10.0,,-6.4973955154418945,6.269938945770264,-4.161113262176514,,
feedback,2.359539,1786508758420,7,1,10.0,0.0,-10.0,,-6.523728370666504,6.234690189361572,-4.001326560974121,,
feedback,2.368014,1786508758429,7,1,10.0,0.0,-10.0,,-6.645834922790527,6.2192277908325195,-4.353628158569336,,
feedback,2.376672,1786508758437,7,1,10.0,0.0,-10.0,,-6.542298316955566,6.017385482788086,-4.223745822906494,,
feedback,2.383612,1786508758446,7,1,10.0,0.0,-10.0,,-6.5911993980407715,5.901299476623535,-4.29486083984375,,
feedback,2.391316,1786508758450,7,1,10.0,0.0,-10.0,,-6.4880290031433105,5.723636627197266,-4.375543117523193,,
feedback,2.400228,1786508758458,7,1,10.0,0.0,-10.0,,-6.492735862731934,5.74839448928833,-4.402339458465576,,
feedback,2.407800,1786508758467,7,1,10.0,0.0,-10.0,,-6.449252128601074,5.871707439422607,-4.407384395599365,,
feedback,2.416993,1786508758475,7,1,10.0,0.0,-10.0,,-6.3686137199401855,5.833968162536621,-4.3490824699401855,,
feedback,2.423699,1786508758484,7,1,10.0,0.0,-10.0,,-6.356689453125,5.931264877319336,-4.185905933380127,,
feedback,2.432509,1786508758492,7,1,10.0,0.0,-10.0,,-6.650801658630371,6.007656097412109,-4.290186405181885,,
feedback,2.440142,1786508758500,7,1,10.0,0.0,-10.0,,-6.672901630401611,6.108613967895508,-4.2281622886657715,,
feedback,2.448932,1786508758509,7,1,10.0,0.0,-10.0,,-6.606644153594971,6.066432476043701,-4.218214511871338,,
feedback,2.457591,1786508758517,7,1,10.0,0.0,-10.0,,-6.452324390411377,5.943303108215332,-4.013695240020752,,
feedback,2.465434,1786508758526,7,1,10.0,0.0,-10.0,,-6.376740455627441,5.851396560668945,-3.8631057739257812,,
feedback,2.473858,1786508758534,7,1,10.0,0.0,-10.0,,-6.396108150482178,5.815296173095703,-4.051258087158203,,
feedback,2.481447,1786508758542,7,1,10.0,0.0,-10.0,,-6.2080159187316895,5.654270648956299,-4.2526044845581055,,
feedback,2.490532,1786508758551,7,1,10.0,0.0,-10.0,,-6.411581993103027,5.6774516105651855,-4.326875686645508,,
feedback,2.498560,1786508758559,7,1,10.0,0.0,-10.0,,-6.528594017028809,5.714720726013184,-4.542387962341309,,
feedback,2.505975,1786508758568,7,1,10.0,0.0,-10.0,,-6.844761848449707,6.075948715209961,-4.464493751525879,,
feedback,2.514377,1786508758576,7,1,10.0,0.0,-10.0,,-6.887442111968994,6.110810279846191,-4.329981803894043,,
feedback,2.522878,1786508758584,7,1,10.0,0.0,-10.0,,-6.835113048553467,6.152133941650391,-4.025843620300293,,
feedback,2.531010,1786508758593,7,1,10.0,0.0,-10.0,,-6.884579181671143,6.247735977172852,-4.095948219299316,,
feedback,2.539773,1786508758601,7,1,10.0,0.0,-10.0,,-6.943338394165039,6.315679550170898,-4.180115699768066,,
feedback,2.549730,1786508758605,7,1,10.0,0.0,-10.0,,-6.965385437011719,6.361437797546387,-4.072706699371338,,
feedback,2.555757,1786508758614,7,1,10.0,0.0,-10.0,,-6.9621782302856445,6.265065670013428,-4.027016639709473,,
feedback,2.563532,1786508758623,7,1,10.0,0.0,-10.0,,-6.755324363708496,5.981345176696777,-3.9656195640563965,,
feedback,2.572665,1786508758631,7,1,10.0,0.0,-10.0,,-6.737021446228027,5.983842372894287,-3.754420757293701,,
feedback,2.580291,1786508758639,7,1,10.0,0.0,-10.0,,-6.664590358734131,5.9050774574279785,-3.874708652496338,,
feedback,2.588803,1786508758648,7,1,10.0,0.0,-10.0,,-6.903263092041016,6.073647499084473,-4.1891770362854,,
feedback,2.596406,1786508758656,7,1,10.0,0.0,-10.0,,-7.253628253936768,6.228344917297363,-4.221682071685791,,
feedback,2.605978,1786508758665,7,1,10.0,0.0,-10.0,,-7.067967414855957,6.1947808265686035,-4.463369846343994,,
feedback,2.612994,1786508758674,7,1,10.0,0.0,-10.0,,-7.043398380279541,6.256158828735352,-4.472299098968506,,
feedback,2.620791,1786508758682,7,1,10.0,0.0,-10.0,,-6.92875337600708,6.254427433013916,-4.5901288986206055,,
feedback,2.630065,1786508758690,7,1,10.0,0.0,-10.0,,-6.833641529083252,6.279097080230713,-4.3782172203063965,,
feedback,2.637613,1786508758699,7,1,10.0,0.0,-10.0,,-6.636906623840332,6.138763904571533,-4.156063079833984,,
feedback,2.646982,1786508758707,7,1,10.0,0.0,-10.0,,-6.533864498138428,5.854401588439941,-4.1983723640441895,,
feedback,2.655000,1786508758715,7,1,10.0,0.0,-10.0,,-6.388757705688477,5.861598968505859,-4.063303470611572,,
feedback,2.661957,1786508758724,7,1,10.0,0.0,-10.0,,-6.303659439086914,5.793484210968018,-4.1412882804870605,,
feedback,2.670111,1786508758732,7,1,10.0,0.0,-10.0,,-6.45897912979126,5.8636908531188965,-4.053987979888916,,
feedback,2.678748,1786508758741,7,1,10.0,0.0,-10.0,,-6.452255725860596,5.78837251663208,-3.9571115970611572,,
feedback,2.687110,1786508758745,7,1,10.0,0.0,-10.0,,-6.419341564178467,5.832825660705566,-3.882349729537964,,
feedback,2.695599,1786508758754,7,1,10.0,0.0,-10.0,,-6.424911975860596,5.8436079025268555,-4.20050048828125,,
feedback,2.703650,1786508758762,7,1,10.0,0.0,-10.0,,-6.52772331237793,5.95728063583374,-4.379641056060791,,
feedback,2.713228,1786508758770,7,1,10.0,0.0,-10.0,,-6.645707130432129,6.042510986328125,-4.4256978034973145,,
feedback,2.719169,1786508758779,7,1,10.0,0.0,-10.0,,-6.583003520965576,5.968087196350098,-4.557419300079346,,
feedback,2.728209,1786508758787,7,1,10.0,0.0,-10.0,,-6.519606590270996,5.957583904266357,-4.615743637084961,,
feedback,2.736092,1786508758796,7,1,10.0,0.0,-10.0,,-6.42477560043335,5.834609031677246,-4.434077262878418,,
feedback,2.743916,1786508758804,7,1,10.0,0.0,-10.0,,-6.252157688140869,5.75642204284668,-3.994590997695923,,
feedback,2.752284,1786508758813,7,1,10.0,0.0,-10.0,,-6.394275188446045,5.695562839508057,-4.196903228759766,,
feedback,2.761279,1786508758821,7,1,10.0,0.0,-10.0,,-6.648687362670898,5.7766947746276855,-4.194169044494629,,
feedback,2.771545,1786508758829,7,1,10.0,0.0,-10.0,,-6.560683250427246,5.866705417633057,-4.0265960693359375,,
feedback,2.776689,1786508758838,7,1,10.0,0.0,-10.0,,-6.497947692871094,5.967352867126465,-4.166714191436768,,
feedback,2.785607,1786508758846,7,1,10.0,0.0,-10.0,,-6.440614700317383,6.068645000457764,-4.099693298339844,,
feedback,2.793628,1786508758854,7,1,10.0,0.0,-10.0,,-6.542572975158691,6.2749199867248535,-4.066080570220947,,
feedback,2.801797,1786508758863,7,1,10.0,0.0,-10.0,,-6.6255903244018555,6.291458606719971,-4.196145534515381,,
feedback,2.810817,1786508758871,7,1,10.0,0.0,-10.0,,-6.736002445220947,6.255943298339844,-4.3576483726501465,,
feedback,2.818674,1786508758880,7,1,10.0,0.0,-10.0,,-6.600466728210449,6.152408123016357,-4.342159748077393,,
feedback,2.825974,1786508758888,7,1,10.0,0.0,-10.0,,-6.717484951019287,6.10109806060791,-4.274511814117432,,
feedback,2.834292,1786508758897,7,1,10.0,0.0,-10.0,,-6.748688220977783,5.992243766784668,-4.438721656799316,,
feedback,2.843151,1786508758902,7,1,10.0,0.0,-10.0,,-6.687168598175049,5.9607768058776855,-4.341233730316162,,
feedback,2.851006,1786508758910,7,1,10.0,0.0,-10.0,,-6.727278709411621,5.980123519897461,-4.1589860916137695,,
feedback,2.859166,1786508758918,7,1,10.0,0.0,-10.0,,-6.770929336547852,6.021480560302734,-4.101099967956543,,
feedback,2.867638,1786508758927,7,1,10.0,0.0,-10.0,,-6.791574001312256,5.964111804962158,-4.187503337860107,,
feedback,2.876451,1786508758936,7,1,10.0,0.0,-10.0,,-6.822575092315674,6.222919940948486,-4.205626010894775,,
feedback,2.883603,1786508758944,7,1,10.0,0.0,-10.0,,-6.841458320617676,6.296526908874512,-4.097501277923584,,
feedback,2.891928,1786508758953,7,1,10.0,0.0,-10.0,,-6.891340732574463,6.353095054626465,-3.9718031883239746,,
feedback,2.900114,1786508758961,7,1,10.0,0.0,-10.0,,-6.8595452308654785,6.297511100769043,-3.948939800262451,,
feedback,2.908147,1786508758969,7,1,10.0,0.0,-10.0,,-6.8496880531311035,6.212378978729248,-4.223917007446289,,
feedback,2.915658,1786508758978,7,1,10.0,0.0,-10.0,,-6.848473072052002,6.141845703125,-4.3578901290893555,,
feedback,2.924916,1786508758986,7,1,10.0,0.0,-10.0,,-6.875258445739746,6.076284408569336,-4.230578422546387,,
feedback,2.932313,1786508758995,7,1,10.0,0.0,-10.0,,-6.8492631912231445,5.914676189422607,-4.399662494659424,,
feedback,2.940728,1786508758999,7,1,10.0,0.0,-10.0,,-6.7252583503723145,5.833717346191406,-4.373485565185547,,
feedback,2.948633,1786508759007,7,1,10.0,0.0,-10.0,,-6.810219764709473,5.706085681915283,-4.2217631340026855,,
feedback,2.956747,1786508759016,7,1,10.0,0.0,-10.0,,-6.875412464141846,5.731508255004883,-4.123206615447998,,
feedback,2.965717,1786508759024,7,1,10.0,0.0,-10.0,,-6.833093166351318,5.934321403503418,-4.008738040924072,,
feedback,2.973909,1786508759033,7,1,10.0,0.0,-10.0,,-6.856122970581055,6.032793998718262,-4.2352423667907715,,
feedback,2.981233,1786508759041,7,1,10.0,0.0,-10.0,,-6.734453201293945,5.976431846618652,-4.141907691955566,,
feedback,2.990216,1786508759049,7,1,10.0,0.0,-10.0,,-6.611750602722168,6.016472339630127,-4.10986852645874,,
feedback,2.997606,1786508759058,7,1,10.0,0.0,-10.0,,-6.5952863693237305,6.000133037567139,-4.069762229919434,,
feedback,3.006173,1786508759066,7,1,10.0,0.0,-10.0,,-6.433190822601318,5.967385292053223,-3.9495480060577393,,
feedback,3.013833,1786508759075,7,1,10.0,0.0,-10.0,,-6.470493316650391,6.12391471862793,-3.7857537269592285,,
feedback,3.023144,1786508759083,7,1,10.0,0.0,-10.0,,-6.433211803436279,5.954794406890869,-4.053252220153809,,
feedback,3.031045,1786508759091,7,1,10.0,0.0,-10.0,,-6.375309467315674,5.730014324188232,-4.285626411437988,,
feedback,3.038617,1786508759100,7,1,10.0,0.0,-10.0,,-6.461106777191162,5.685880661010742,-4.511293411254883,,
feedback,3.048013,1786508759108,7,1,10.0,0.0,-10.0,,-6.5043416023254395,5.8310866355896,-4.563223361968994,,
feedback,3.055400,1786508759117,7,1,10.0,0.0,-10.0,,-6.656391620635986,5.999379634857178,-4.546056270599365,,
feedback,3.063630,1786508759125,7,1,10.0,0.0,-10.0,,-6.792662143707275,6.234777450561523,-4.410410404205322,,
feedback,3.072363,1786508759133,7,1,10.0,0.0,-10.0,,-6.714236736297607,6.3520283699035645,-4.144499778747559,,
feedback,3.080024,1786508759142,7,1,10.0,0.0,-10.0,,-6.681921482086182,6.241012096405029,-4.277972221374512,,
feedback,3.088676,1786508759150,7,1,10.0,0.0,-10.0,,-6.665010452270508,6.2703166007995605,-4.241352558135986,,
feedback,3.095774,1786508759154,7,1,10.0,0.0,-10.0,,-6.640965938568115,6.210735321044922,-4.259381294250488,,
feedback,3.104062,1786508759163,7,1,10.0,0.0,-10.0,,-6.579320430755615,6.187590599060059,-4.186007499694824,,
feedback,3.112462,1786508759172,7,1,10.0,0.0,-10.0,,-6.527190208435059,6.217766761779785,-3.9111006259918213,,
feedback,3.120574,1786508759180,7,1,10.0,0.0,-10.0,,-6.392749786376953,6.087214946746826,-3.694850206375122,,
feedback,3.129323,1786508759189,7,1,10.0,0.0,-10.0,,-6.457803726196289,5.962997913360596,-4.128613471984863,,
feedback,3.137502,1786508759197,7,1,10.0,0.0,-10.0,,-6.505707740783691,5.788861274719238,-4.373507022857666,,
feedback,3.148135,1786508759205,7,1,10.0,0.0,-10.0,,-6.509021759033203,5.892147064208984,-4.425248146057129,,
feedback,3.154137,1786508759214,7,1,10.0,0.0,-10.0,,-6.8051300048828125,6.094216823577881,-4.425915718078613,,
feedback,3.162965,1786508759222,7,1,10.0,0.0,-10.0,,-6.8206400871276855,6.114994525909424,-4.456387042999268,,
feedback,3.170313,1786508759231,7,1,10.0,0.0,-10.0,,-6.844478607177734,6.107447147369385,-4.556668281555176,,
feedback,3.177941,1786508759239,7,1,10.0,0.0,-10.0,,-6.74595832824707,6.213718891143799,-4.309007167816162,,
feedback,3.186439,1786508759247,7,1,10.0,0.0,-10.0,,-6.636322021484375,6.13533353805542,-4.278567790985107,,
feedback,3.194515,1786508759256,7,1,10.0,0.0,-10.0,,-6.5122389793396,5.957034587860107,-4.125903129577637,,
feedback,3.204734,1786508759264,7,1,10.0,0.0,-10.0,,-6.562496185302734,5.945537567138672,-4.004883766174316,,
feedback,3.210817,1786508759273,7,1,10.0,0.0,-10.0,,-6.371188640594482,5.645470142364502,-4.065328121185303,,
feedback,3.220281,1786508759281,7,1,10.0,0.0,-10.0,,-6.323297500610352,5.635621547698975,-3.9185996055603027,,
feedback,3.228929,1786508759289,7,1,10.0,0.0,-10.0,,-6.116435527801514,5.636213779449463,-3.8877077102661133,,
feedback,3.236841,1786508759298,7,1,10.0,0.0,-10.0,,-6.365611553192139,5.719148635864258,-4.137137413024902,,
feedback,3.244468,1786508759306,7,1,10.0,0.0,-10.0,,-6.598212242126465,5.800355434417725,-4.287781715393066,,
feedback,3.253403,1786508759315,7,1,10.0,0.0,-10.0,,-6.628173351287842,5.881843090057373,-4.427414417266846,,
feedback,3.260323,1786508759319,7,1,10.0,0.0,-10.0,,-6.715310573577881,5.924687385559082,-4.398243427276611,,
feedback,3.268622,1786508759328,7,1,10.0,0.0,-10.0,,-6.866958141326904,6.084812164306641,-4.383240699768066,,
feedback,3.277796,1786508759336,7,1,10.0,0.0,-10.0,,-6.854698181152344,6.132352352142334,-4.377109527587891,,
feedback,3.285673,1786508759345,7,1,10.0,0.0,-10.0,,-6.763143062591553,6.072503566741943,-4.177566051483154,,
feedback,3.293533,1786508759353,7,1,10.0,0.0,-10.0,,-6.702126979827881,5.947533130645752,-4.136436939239502,,
feedback,3.302228,1786508759361,7,1,10.0,0.0,-10.0,,-6.644674777984619,5.863894462585449,-4.035353183746338,,
feedback,3.312213,1786508759370,7,1,10.0,0.0,-10.0,,-6.590181350708008,5.763914585113525,-4.072732925415039,,
feedback,3.318182,1786508759378,7,1,10.0,0.0,-10.0,,-6.620884895324707,5.851203441619873,-4.128700256347656,,
feedback,3.325642,1786508759387,7,1,10.0,0.0,-10.0,,-6.705445289611816,6.033871173858643,-4.0814313888549805,,
feedback,3.333739,1786508759395,7,1,10.0,0.0,-10.0,,-6.659660339355469,6.059380531311035,-3.93522572517395,,
feedback,3.341969,1786508759404,7,1,10.0,0.0,-10.0,,-6.778506278991699,6.116246223449707,-3.9690003395080566,,
feedback,3.351144,1786508759412,7,1,10.0,0.0,-10.0,,-6.8134636878967285,6.230421543121338,-4.195073127746582,,
feedback,3.358977,1786508759421,7,1,10.0,0.0,-10.0,,-6.931815147399902,6.297755241394043,-4.41000509262085,,
feedback,3.369815,1786508759429,7,1,10.0,0.0,-10.0,,-7.011912822723389,6.286803245544434,-4.451310634613037,,
feedback,3.375922,1786508759437,7,1,10.0,0.0,-10.0,,-6.952495574951172,6.298807621002197,-4.378973960876465,,
feedback,3.383209,1786508759442,7,1,10.0,0.0,-10.0,,-6.978422164916992,6.258181095123291,-4.4368391036987305,,
feedback,3.392027,1786508759450,7,1,10.0,0.0,-10.0,,-6.772769927978516,6.005273818969727,-4.360735893249512,,
feedback,3.399638,1786508759458,7,1,10.0,0.0,-10.0,,-6.666202545166016,5.968215465545654,-4.056229591369629,,
feedback,3.407823,1786508759467,7,1,10.0,0.0,-10.0,,-6.640815258026123,5.922759056091309,-4.106051445007324,,
feedback,3.417010,1786508759475,7,1,10.0,0.0,-10.0,,-6.723560333251953,5.8921966552734375,-4.172579288482666,,
feedback,3.423739,1786508759484,7,1,10.0,0.0,-10.0,,-6.841513633728027,6.078545570373535,-3.8901286125183105,,
feedback,3.431771,1786508759492,7,1,10.0,0.0,-10.0,,-6.801647186279297,6.205929279327393,-3.9032602310180664,,
feedback,3.440533,1786508759501,7,1,10.0,0.0,-10.0,,-6.709057807922363,6.211080551147461,-3.9319283962249756,,
feedback,3.448267,1786508759509,7,1,10.0,0.0,-10.0,,-6.675743579864502,6.327244758605957,-3.944094657897949,,
feedback,3.456995,1786508759518,7,1,10.0,0.0,-10.0,,-6.723765850067139,6.176566123962402,-4.29569673538208,,
feedback,3.465617,1786508759526,7,1,10.0,0.0,-10.0,,-6.7790141105651855,6.108835697174072,-4.373415946960449,,
feedback,3.474347,1786508759534,7,1,10.0,0.0,-10.0,,-6.6248779296875,5.950126647949219,-4.3462419509887695,,
feedback,3.483615,1786508759543,7,1,10.0,0.0,-10.0,,-6.586296081542969,5.726900577545166,-4.412354946136475,,
feedback,3.489511,1786508759551,7,1,10.0,0.0,-10.0,,-6.446433067321777,5.647684574127197,-4.2924394607543945,,
feedback,3.497398,1786508759559,7,1,10.0,0.0,-10.0,,-6.516794681549072,5.715172290802002,-4.347756862640381,,
feedback,3.505685,1786508759568,7,1,10.0,0.0,-10.0,,-6.3327531814575195,5.530150890350342,-4.223775863647461,,
feedback,3.513762,1786508759576,7,1,10.0,0.0,-10.0,,-6.3383870124816895,5.547811985015869,-4.313995361328125,,
feedback,3.522818,1786508759580,7,1,10.0,0.0,-10.0,,-6.501845836639404,5.834609031677246,-4.4594316482543945,,
feedback,3.530040,1786508759589,7,1,10.0,0.0,-10.0,,-6.422765254974365,5.924236297607422,-4.216414451599121,,
feedback,3.539163,1786508759598,7,1,10.0,0.0,-10.0,,-6.601612567901611,6.08418083190918,-4.193091869354248,,
feedback,3.547362,1786508759606,7,1,10.0,0.0,-10.0,,-6.485520362854004,6.084610939025879,-4.167937755584717,,
feedback,3.555283,1786508759615,7,1,10.0,0.0,-10.0,,-6.503867149353027,6.29490327835083,-4.012053489685059,,
feedback,3.563456,1786508759623,7,1,10.0,0.0,-10.0,,-6.523513317108154,6.214038372039795,-3.9580681324005127,,
feedback,3.571755,1786508759631,7,1,10.0,0.0,-10.0,,-6.715522766113281,6.16349983215332,-4.140740871429443,,
feedback,3.579787,1786508759640,7,1,10.0,0.0,-10.0,,-6.669203758239746,5.85153341293335,-4.441535949707031,,
feedback,3.590706,1786508759648,7,1,10.0,0.0,-10.0,,-6.666511058807373,5.809363842010498,-4.499312877655029,,
feedback,3.595939,1786508759657,7,1,10.0,0.0,-10.0,,-6.522361755371094,5.711452960968018,-4.448953628540039,,
feedback,3.603790,1786508759665,7,1,10.0,0.0,-10.0,,-6.671788215637207,5.946385383605957,-4.476521968841553,,
feedback,3.612873,1786508759673,7,1,10.0,0.0,-10.0,,-6.604033470153809,6.056238174438477,-4.287571430206299,,
feedback,3.620474,1786508759682,7,1,10.0,0.0,-10.0,,-6.73953914642334,6.148088455200195,-4.426656246185303,,
feedback,3.629075,1786508759690,7,1,10.0,0.0,-10.0,,-6.858121395111084,6.463972568511963,-4.413793087005615,,
feedback,3.636245,1786508759698,7,1,10.0,0.0,-10.0,,-6.763251781463623,6.444106101989746,-4.191655158996582,,
feedback,3.645457,1786508759707,7,1,10.0,0.0,-10.0,,-6.727555751800537,6.347672939300537,-4.061491966247559,,
feedback,3.653101,1786508759715,7,1,10.0,0.0,-10.0,,-6.604457855224609,6.269063949584961,-4.056914806365967,,
feedback,3.661094,1786508759720,7,1,10.0,0.0,-10.0,,-6.591773986816406,6.234808921813965,-4.022756576538086,,
feedback,3.669146,1786508759728,7,1,10.0,0.0,-10.0,,-6.530481815338135,6.198225975036621,-3.985335111618042,,
feedback,3.678043,1786508759736,7,1,10.0,0.0,-10.0,,-6.481801986694336,5.885268211364746,-4.084035396575928,,
feedback,3.685916,1786508759745,7,1,10.0,0.0,-10.0,,-6.534140110015869,5.764291763305664,-4.351650714874268,,
feedback,3.694255,1786508759753,7,1,10.0,0.0,-10.0,,-6.4814534187316895,5.70721960067749,-4.3858137130737305,,
feedback,3.702595,1786508759762,7,1,10.0,0.0,-10.0,,-6.71369743347168,5.956027984619141,-4.461719512939453,,
feedback,3.713395,1786508759770,7,1,10.0,0.0,-10.0,,-6.689976215362549,5.999499797821045,-4.492952346801758,,
feedback,3.717981,1786508759778,7,1,10.0,0.0,-10.0,,-6.600520610809326,5.880400657653809,-4.406656742095947,,
feedback,3.726410,1786508759787,7,1,10.0,0.0,-10.0,,-6.5657172203063965,5.981536388397217,-4.273410797119141,,
feedback,3.734317,1786508759795,7,1,10.0,0.0,-10.0,,-6.631940841674805,5.980466842651367,-4.208105564117432,,
feedback,3.742434,1786508759804,7,1,10.0,0.0,-10.0,,-6.9093828201293945,6.250164031982422,-4.233534336090088,,
feedback,3.750681,1786508759812,7,1,10.0,0.0,-10.0,,-6.666932582855225,5.957601070404053,-4.171787261962891,,
feedback,3.760222,1786508759821,7,1,10.0,0.0,-10.0,,-6.600779056549072,5.84311580657959,-4.167757511138916,,
feedback,3.768487,1786508759829,7,1,10.0,0.0,-10.0,,-6.409115791320801,5.792395114898682,-3.830850601196289,,
feedback,3.775255,1786508759837,7,1,10.0,0.0,-10.0,,-6.378711223602295,5.843568801879883,-3.825678825378418,,
feedback,3.783453,1786508759846,7,1,10.0,0.0,-10.0,,-6.526147842407227,5.843975067138672,-4.110203266143799,,
feedback,3.791476,1786508759854,7,1,10.0,0.0,-10.0,,-6.44586181640625,5.6583356857299805,-4.417599201202393,,
feedback,3.800852,1786508759863,7,1,10.0,0.0,-10.0,,-6.656116962432861,5.910224914550781,-4.363343715667725,,
feedback,3.808773,1786508759867,7,1,10.0,0.0,-10.0,,-6.670876502990723,5.958201885223389,-4.341202259063721,,
feedback,3.817903,1786508759875,7,1,10.0,0.0,-10.0,,-6.764810562133789,6.048447608947754,-4.463667392730713,,
feedback,3.825867,1786508759884,7,1,10.0,0.0,-10.0,,-6.846336364746094,6.226620674133301,-4.4263763427734375,,
feedback,3.832778,1786508759892,7,1,10.0,0.0,-10.0,,-6.746310710906982,6.2629804611206055,-4.266970157623291,,
feedback,3.841459,1786508759901,7,1,10.0,0.0,-10.0,,-6.7266082763671875,6.166470050811768,-4.177443504333496,,
feedback,3.849771,1786508759909,7,1,10.0,0.0,-10.0,,-6.677112102508545,6.029073238372803,-4.236926078796387,,
feedback,3.858479,1786508759917,7,1,10.0,0.0,-10.0,,-6.541362762451172,5.935037612915039,-4.118875026702881,,
feedback,3.866446,1786508759926,7,1,10.0,0.0,-10.0,,-6.533081531524658,5.968276023864746,-4.067066192626953,,
feedback,3.874317,1786508759934,7,1,10.0,0.0,-10.0,,-6.435101509094238,5.928272247314453,-4.046002388000488,,
feedback,3.882535,1786508759942,7,1,10.0,0.0,-10.0,,-6.356298923492432,5.938405990600586,-3.921583652496338,,
feedback,3.890179,1786508759951,7,1,10.0,0.0,-10.0,,-6.47552490234375,6.000983715057373,-3.898261785507202,,
feedback,3.898312,1786508759959,7,1,10.0,0.0,-10.0,,-6.699709892272949,6.139838218688965,-4.080872058868408,,
feedback,3.907137,1786508759968,7,1,10.0,0.0,-10.0,,-6.860196113586426,6.201502323150635,-4.228670120239258,,
feedback,3.915108,1786508759976,7,1,10.0,0.0,-10.0,,-6.947537899017334,6.2631144523620605,-4.441859722137451,,
feedback,3.923621,1786508759985,7,1,10.0,0.0,-10.0,,-7.000018119812012,6.208094596862793,-4.571567058563232,,
feedback,3.933773,1786508759993,7,1,10.0,0.0,-10.0,,-6.835855007171631,6.0850725173950195,-4.486112594604492,,
feedback,3.939002,1786508760002,7,1,10.0,0.0,-10.0,,-6.7646870613098145,6.028819561004639,-4.282817363739014,,
feedback,3.948045,1786508760010,7,1,10.0,0.0,-10.0,,-6.704884052276611,5.954249382019043,-4.1666741371154785,,
feedback,3.956699,1786508760018,7,1,10.0,0.0,-10.0,,-6.751538276672363,5.996918201446533,-4.279768943786621,,
feedback,3.964454,1786508760027,7,1,10.0,0.0,-10.0,,-6.548750877380371,5.751112937927246,-4.156802177429199,,
feedback,3.972998,1786508760031,7,1,10.0,0.0,-10.0,,-6.5361151695251465,5.766903877258301,-4.009336948394775,,
feedback,3.980948,1786508760039,7,1,10.0,0.0,-10.0,,-6.535479545593262,5.8243536949157715,-3.9920780658721924,,
feedback,3.990075,1786508760048,7,1,10.0,0.0,-10.0,,-6.6648125648498535,6.125619411468506,-4.027744293212891,,
feedback,3.997070,1786508760056,7,1,10.0,0.0,-10.0,,-6.7109880447387695,6.3284125328063965,-3.8433735370635986,,
feedback,4.006471,1786508760065,7,1,10.0,0.0,-10.0,,-6.630306243896484,5.996695041656494,-4.157417297363281,,
feedback,4.013350,1786508760074,7,1,10.0,0.0,-10.0,,-6.770864963531494,6.094364643096924,-4.308408260345459,,
feedback,4.022386,1786508760082,7,1,10.0,0.0,-10.0,,-6.8492889404296875,5.978994369506836,-4.4348626136779785,,
feedback,4.030345,1786508760090,7,1,10.0,0.0,-10.0,,-6.701970100402832,5.826236724853516,-4.606690406799316,,
feedback,4.038352,1786508760099,7,1,10.0,0.0,-10.0,,-6.699923038482666,5.851100921630859,-4.439872741699219,,
feedback,4.046468,1786508760107,7,1,10.0,0.0,-10.0,,-6.581850528717041,5.696151256561279,-4.230254173278809,,
feedback,4.055823,1786508760116,7,1,10.0,0.0,-10.0,,-6.472501277923584,5.744694232940674,-4.056029796600342,,
feedback,4.063521,1786508760124,7,1,10.0,0.0,-10.0,,-6.618721008300781,5.849228858947754,-4.199525833129883,,
feedback,4.071398,1786508760132,7,1,10.0,0.0,-10.0,,-6.553774833679199,5.902801990509033,-4.19813346862793,,
feedback,4.079272,1786508760141,7,1,10.0,0.0,-10.0,,-6.664571762084961,6.099170207977295,-4.093509674072266,,
feedback,4.087038,1786508760149,7,1,10.0,0.0,-10.0,,-6.734196662902832,6.2393598556518555,-4.1094770431518555,,
feedback,4.095346,1786508760158,7,1,10.0,0.0,-10.0,,-6.697277545928955,6.258959770202637,-4.032050609588623,,
feedback,4.103359,1786508760166,7,1,10.0,0.0,-10.0,,-6.667481899261475,6.292391777038574,-4.018820285797119,,
feedback,4.112313,1786508760170,7,1,10.0,0.0,-10.0,,-6.587918758392334,6.3581671714782715,-3.7963600158691406,,
feedback,4.120402,1786508760179,7,1,10.0,0.0,-10.0,,-6.733802795410156,6.269886016845703,-4.084334850311279,,
feedback,4.130289,1786508760187,7,1,10.0,0.0,-10.0,,-6.700563907623291,5.945850849151611,-4.297877311706543,,
feedback,4.135928,1786508760196,7,1,10.0,0.0,-10.0,,-6.758368492126465,5.912102699279785,-4.411928176879883,,
feedback,4.144124,1786508760204,7,1,10.0,0.0,-10.0,,-6.608724117279053,5.688292026519775,-4.443165302276611,,
feedback,4.153336,1786508760212,7,1,10.0,0.0,-10.0,,-6.659475326538086,5.7633514404296875,-4.387337684631348,,
feedback,4.161571,1786508760221,7,1,10.0,0.0,-10.0,,-6.672946929931641,5.927866458892822,-4.271893501281738,,
feedback,4.169101,1786508760229,7,1,10.0,0.0,-10.0,,-6.742393493652344,6.11556339263916,-4.200591087341309,,
feedback,4.178053,1786508760238,7,1,10.0,0.0,-10.0,,-6.849449157714844,6.303654193878174,-4.198957920074463,,
feedback,4.185424,1786508760246,7,1,10.0,0.0,-10.0,,-6.892292022705078,6.411835670471191,-4.215129852294922,,
feedback,4.193195,1786508760254,7,1,10.0,0.0,-10.0,,-6.825634956359863,6.380308151245117,-4.103364944458008,,
feedback,4.201407,1786508760263,7,1,10.0,0.0,-10.0,,-6.6962690353393555,6.2428107261657715,-4.066870212554932,,
feedback,4.213264,1786508760271,7,1,10.0,0.0,-10.0,,-6.565315246582031,6.141849040985107,-3.9398388862609863,,
feedback,4.217754,1786508760280,7,1,10.0,0.0,-10.0,,-6.527642726898193,6.022092819213867,-3.9034247398376465,,
feedback,4.226014,1786508760288,7,1,10.0,0.0,-10.0,,-6.516647815704346,5.773760795593262,-4.180607318878174,,
feedback,4.234105,1786508760296,7,1,10.0,0.0,-10.0,,-6.518936634063721,5.55853271484375,-4.4412336349487305,,
feedback,4.242309,1786508760305,7,1,10.0,0.0,-10.0,,-6.570701599121094,5.670983791351318,-4.4320783615112305,,
feedback,4.250555,1786508760309,7,1,10.0,0.0,-10.0,,-6.612293720245361,5.756096839904785,-4.3467841148376465,,
feedback,4.258790,1786508760318,7,1,10.0,0.0,-10.0,,-6.6309967041015625,5.932582378387451,-4.302285671234131,,
feedback,4.266983,1786508760327,7,1,10.0,0.0,-10.0,,-6.791752815246582,6.024662971496582,-4.4456353187561035,,
feedback,4.275355,1786508760335,7,1,10.0,0.0,-10.0,,-6.79155158996582,6.075586318969727,-4.327272415161133,,
feedback,4.283413,1786508760343,7,1,10.0,0.0,-10.0,,-6.692266464233398,6.0805134773254395,-4.22986364364624,,
feedback,4.291678,1786508760352,7,1,10.0,0.0,-10.0,,-6.662456512451172,6.098189353942871,-4.10976505279541,,
feedback,4.299638,1786508760360,7,1,10.0,0.0,-10.0,,-6.653973579406738,6.070960521697998,-4.024593353271484,,
feedback,4.308674,1786508760369,7,1,10.0,0.0,-10.0,,-6.527419090270996,5.862060546875,-4.055124282836914,,
feedback,4.316284,1786508760377,7,1,10.0,0.0,-10.0,,-6.392118453979492,5.790689945220947,-3.9768035411834717,,
feedback,4.328144,1786508760385,7,1,10.0,0.0,-10.0,,-6.415109634399414,5.857066631317139,-4.001860618591309,,
feedback,4.332320,1786508760394,7,1,10.0,0.0,-10.0,,-6.383641242980957,5.884603500366211,-3.9446990489959717,,
feedback,4.340681,1786508760402,7,1,10.0,0.0,-10.0,,-6.613487243652344,6.024140357971191,-4.1771697998046875,,
feedback,4.348790,1786508760411,7,1,10.0,0.0,-10.0,,-6.793386936187744,6.071446895599365,-4.395012378692627,,
feedback,4.356856,1786508760419,7,1,10.0,0.0,-10.0,,-6.824098110198975,6.157434940338135,-4.397801876068115,,
feedback,4.365346,1786508760427,7,1,10.0,0.0,-10.0,,-7.031417369842529,6.416783332824707,-4.470948696136475,,
feedback,4.373206,1786508760436,7,1,10.0,0.0,-10.0,,-7.009547710418701,6.423000812530518,-4.334484577178955,,
feedback,4.383574,1786508760444,7,1,10.0,0.0,-10.0,,-6.941351413726807,6.399843692779541,-4.252214431762695,,
feedback,4.389592,1786508760452,7,1,10.0,0.0,-10.0,,-6.70056676864624,6.147103309631348,-4.0371174812316895,,
feedback,4.397699,1786508760457,7,1,10.0,0.0,-10.0,,-6.672135829925537,5.961998462677002,-4.099217891693115,,
feedback,4.405947,1786508760465,7,1,10.0,0.0,-10.0,,-6.756890773773193,6.0332722663879395,-4.162002086639404,,
feedback,4.414083,1786508760473,7,1,10.0,0.0,-10.0,,-6.758908748626709,6.178844451904297,-4.079671859741211,,
feedback,4.422318,1786508760482,7,1,10.0,0.0,-10.0,,-6.6935858726501465,6.051559925079346,-4.079129219055176,,
feedback,4.431279,1786508760490,7,1,10.0,0.0,-10.0,,-6.587318420410156,6.030776023864746,-3.902273416519165,,
feedback,4.439333,1786508760499,7,1,10.0,0.0,-10.0,,-6.609004020690918,6.0650105476379395,-3.8949851989746094,,
feedback,4.448152,1786508760508,7,1,10.0,0.0,-10.0,,-6.8125319480896,6.378021717071533,-3.994205951690674,,
feedback,4.455633,1786508760516,7,1,10.0,0.0,-10.0,,-6.954484462738037,6.320717811584473,-4.3030619621276855,,
feedback,4.463864,1786508760525,7,1,10.0,0.0,-10.0,,-6.899290561676025,6.2288641929626465,-4.278121471405029,,
feedback,4.472108,1786508760533,7,1,10.0,0.0,-10.0,,-6.873196601867676,5.9997782707214355,-4.4088335037231445,,
feedback,4.480117,1786508760542,7,1,10.0,0.0,-10.0,,-6.863207817077637,5.951883316040039,-4.386113166809082,,
feedback,4.488301,1786508760550,7,1,10.0,0.0,-10.0,,-6.767786502838135,5.822917938232422,-4.313751697540283,,
feedback,4.498872,1786508760558,7,1,10.0,0.0,-10.0,,-6.650259494781494,5.7403483390808105,-4.250157833099365,,
feedback,4.504733,1786508760567,7,1,10.0,0.0,-10.0,,-6.4110870361328125,5.5858564376831055,-4.024049758911133,,
feedback,4.513254,1786508760575,7,1,10.0,0.0,-10.0,,-6.483349323272705,5.564840793609619,-4.257050514221191,,
feedback,4.521201,1786508760584,7,1,10.0,0.0,-10.0,,-6.4548258781433105,5.745237827301025,-4.185418605804443,,
feedback,4.529408,1786508760592,7,1,10.0,0.0,-10.0,,-6.523629665374756,5.890486240386963,-4.160800933837891,,
feedback,4.537668,1786508760600,7,1,10.0,0.0,-10.0,,-6.6198039054870605,6.16681432723999,-4.119424343109131,,
feedback,4.549480,1786508760605,7,1,10.0,0.0,-10.0,,-6.504478931427002,6.002008438110352,-4.117019176483154,,
feedback,4.554041,1786508760613,7,1,10.0,0.0,-10.0,,-6.5071611404418945,6.251728057861328,-3.927924394607544,,
feedback,4.562519,1786508760621,7,1,10.0,0.0,-10.0,,-6.513334274291992,6.069097518920898,-4.124409198760986,,
feedback,4.570407,1786508760630,7,1,10.0,0.0,-10.0,,-6.559032440185547,5.892953872680664,-4.265069484710693,,
feedback,4.578503,1786508760638,7,1,10.0,0.0,-10.0,,-6.6028056144714355,5.849670886993408,-4.340834140777588,,
feedback,4.586995,1786508760647,7,1,10.0,0.0,-10.0,,-6.601888656616211,5.748248100280762,-4.4962239265441895,,
feedback,4.595499,1786508760655,7,1,10.0,0.0,-10.0,,-6.608621597290039,5.828946113586426,-4.419318675994873,,
feedback,4.604204,1786508760663,7,1,10.0,0.0,-10.0,,-6.5620880126953125,5.745753765106201,-4.467844009399414,,
feedback,4.611862,1786508760672,7,1,10.0,0.0,-10.0,,-6.614356517791748,5.928612232208252,-4.261720657348633,,
feedback,4.619946,1786508760680,7,1,10.0,0.0,-10.0,,-6.68478536605835,6.14041805267334,-4.261239051818848,,
feedback,4.628782,1786508760689,7,1,10.0,0.0,-10.0,,-7.0388336181640625,6.651630401611328,-4.29526948928833,,
feedback,4.636695,1786508760697,7,1,10.0,0.0,-10.0,,-6.813040256500244,6.4065165519714355,-4.118244647979736,,
feedback,4.645486,1786508760705,7,1,10.0,0.0,-10.0,,-6.569669246673584,6.221263885498047,-3.9168736934661865,,
feedback,4.652490,1786508760714,7,1,10.0,0.0,-10.0,,-6.654365539550781,6.208504676818848,-4.065402507781982,,
feedback,4.665449,1786508760722,7,1,10.0,0.0,-10.0,,-6.662522315979004,6.248569488525391,-4.00771427154541,,
feedback,4.668949,1786508760731,7,1,10.0,0.0,-10.0,,-6.436506271362305,5.974766731262207,-3.947035789489746,,
feedback,4.677203,1786508760739,7,1,10.0,0.0,-10.0,,-6.404860019683838,5.825826644897461,-4.151564121246338,,
feedback,4.685364,1786508760748,7,1,10.0,0.0,-10.0,,-6.446096420288086,5.571039199829102,-4.289314270019531,,
feedback,4.693898,1786508760756,7,1,10.0,0.0,-10.0,,-6.601812362670898,5.755690574645996,-4.463212966918945,,
feedback,4.703047,1786508760764,7,1,10.0,0.0,-10.0,,-6.746537208557129,5.937442779541016,-4.407723903656006,,
feedback,4.710485,1786508760773,7,1,10.0,0.0,-10.0,,-6.7428297996521,5.968226909637451,-4.49534273147583,,
feedback,4.718985,1786508760777,7,1,10.0,0.0,-10.0,,-6.70836877822876,6.054859638214111,-4.243618965148926,,
feedback,4.728237,1786508760785,7,1,10.0,0.0,-10.0,,-6.82926607131958,6.1242146492004395,-4.304929256439209,,
feedback,4.734820,1786508760794,7,1,10.0,0.0,-10.0,,-6.627485752105713,6.032682418823242,-4.151031970977783,,
feedback,4.743886,1786508760802,7,1,10.0,0.0,-10.0,,-6.682140350341797,5.999352931976318,-4.296222686767578,,
feedback,4.751943,1786508760811,7,1,10.0,0.0,-10.0,,-6.460465431213379,5.760112762451172,-4.1489338874816895,,
feedback,4.758911,1786508760819,7,1,10.0,0.0,-10.0,,-6.437318801879883,5.777275562286377,-4.106577396392822,,
feedback,4.767298,1786508760828,7,1,10.0,0.0,-10.0,,-6.250424385070801,5.407217025756836,-4.171095371246338,,
feedback,4.775830,1786508760836,7,1,10.0,0.0,-10.0,,-6.227396011352539,5.671047210693359,-4.018865585327148,,
feedback,4.784611,1786508760844,7,1,10.0,0.0,-10.0,,-6.288743019104004,5.800124168395996,-3.997225046157837,,
feedback,4.792780,1786508760853,7,1,10.0,0.0,-10.0,,-6.5785322189331055,6.032547950744629,-4.200021743774414,,
feedback,4.800069,1786508760861,7,1,10.0,0.0,-10.0,,-6.790428638458252,6.140660762786865,-4.402689456939697,,
feedback,4.808345,1786508760870,7,1,10.0,0.0,-10.0,,-6.81614875793457,6.072562217712402,-4.50810432434082,,
feedback,4.817207,1786508760878,7,1,10.0,0.0,-10.0,,-6.918067455291748,6.275670528411865,-4.523183345794678,,
feedback,4.825731,1786508760887,7,1,10.0,0.0,-10.0,,-6.873907566070557,6.283621311187744,-4.4035749435424805,,
feedback,4.836127,1786508760895,7,1,10.0,0.0,-10.0,,-6.979839324951172,6.300057888031006,-4.241922378540039,,
feedback,4.842650,1786508760904,7,1,10.0,0.0,-10.0,,-6.73374605178833,6.007165431976318,-4.195911407470703,,
feedback,4.850005,1786508760912,7,1,10.0,0.0,-10.0,,-6.590938568115234,5.934837341308594,-4.145604133605957,,
feedback,4.857701,1786508760920,7,1,10.0,0.0,-10.0,,-6.591649055480957,5.92556095123291,-4.197590351104736,,
feedback,4.866674,1786508760925,7,1,10.0,0.0,-10.0,,-6.591663360595703,5.963183879852295,-4.234950542449951,,
feedback,4.874307,1786508760933,7,1,10.0,0.0,-10.0,,-6.726895332336426,6.148474216461182,-4.204553604125977,,
feedback,4.882627,1786508760942,7,1,10.0,0.0,-10.0,,-6.720643997192383,6.286545753479004,-4.103577613830566,,
feedback,4.890867,1786508760950,7,1,10.0,0.0,-10.0,,-6.697761058807373,6.4361114501953125,-3.9705255031585693,,
feedback,4.902098,1786508760959,7,1,10.0,0.0,-10.0,,-6.6691975593566895,6.3758392333984375,-3.9382917881011963,,
feedback,4.907478,1786508760967,7,1,10.0,0.0,-10.0,,-6.75669527053833,6.320229530334473,-4.075094223022461,,
feedback,4.916135,1786508760975,7,1,10.0,0.0,-10.0,,-6.910226345062256,6.280980587005615,-4.245045185089111,,
feedback,4.923932,1786508760984,7,1,10.0,0.0,-10.0,,-6.819156169891357,6.036325454711914,-4.323537349700928,,
feedback,4.931383,1786508760992,7,1,10.0,0.0,-10.0,,-6.722391128540039,5.677586555480957,-4.3485426902771,,
feedback,4.939868,1786508761001,7,1,10.0,0.0,-10.0,,-6.629945278167725,5.659182071685791,-4.30860710144043,,
feedback,4.948487,1786508761009,7,1,10.0,0.0,-10.0,,-6.703283309936523,5.786620140075684,-4.303077697753906,,
feedback,4.956395,1786508761017,7,1,10.0,0.0,-10.0,,-6.713438987731934,6.018137454986572,-4.117243766784668,,
feedback,4.964172,1786508761026,7,1,10.0,0.0,-10.0,,-6.704980373382568,5.842480182647705,-4.121426582336426,,
feedback,4.972844,1786508761034,7,1,10.0,0.0,-10.0,,-6.813535213470459,5.973757743835449,-4.106945037841797,,
feedback,4.980835,1786508761043,7,1,10.0,0.0,-10.0,,-6.872413635253906,6.165044784545898,-4.052657127380371,,
feedback,4.988778,1786508761051,7,1,10.0,0.0,-10.0,,-6.857115268707275,6.236505508422852,-4.0585784912109375,,
feedback,4.997431,1786508761059,7,1,10.0,0.0,-10.0,,-6.601719856262207,6.015372276306152,-4.046466827392578,,
feedback,5.005436,1786508761064,7,1,10.0,0.0,-10.0,,-6.427492618560791,5.929503440856934,-4.058033466339111,,
feedback,5.015830,1786508761072,7,1,10.0,0.0,-10.0,,-6.373691558837891,5.903151035308838,-3.966371536254883,,
feedback,5.021394,1786508761080,7,1,10.0,0.0,-10.0,,-6.491914749145508,5.921943664550781,-4.124269008636475,,
feedback,5.029402,1786508761089,7,1,10.0,0.0,-10.0,,-6.5560221672058105,5.681682586669922,-4.321627140045166,,
feedback,5.037663,1786508761097,7,1,10.0,0.0,-10.0,,-6.505014419555664,5.678929805755615,-4.294069766998291,,
feedback,5.046772,1786508761106,7,1,10.0,0.0,-10.0,,-6.72096586227417,5.905575275421143,-4.398256301879883,,
feedback,5.054586,1786508761114,7,1,10.0,0.0,-10.0,,-6.840585708618164,5.895357131958008,-4.567341327667236,,
feedback,5.062040,1786508761122,7,1,10.0,0.0,-10.0,,-6.743785858154297,5.935617923736572,-4.438380718231201,,
feedback,5.070437,1786508761131,7,1,10.0,0.0,-10.0,,-6.800495147705078,6.147684097290039,-4.392592906951904,,
feedback,5.078418,1786508761139,7,1,10.0,0.0,-10.0,,-6.7594523429870605,6.402195930480957,-4.063996315002441,,
feedback,5.086742,1786508761148,7,1,10.0,0.0,-10.0,,-6.7858662605285645,6.164549827575684,-4.276104927062988,,
feedback,5.095231,1786508761156,7,1,10.0,0.0,-10.0,,-6.666130542755127,6.0656938552856445,-4.219315052032471,,
feedback,5.103791,1786508761165,7,1,10.0,0.0,-10.0,,-6.613651752471924,5.922670364379883,-4.2259039878845215,,
feedback,5.111634,1786508761173,7,1,10.0,0.0,-10.0,,-6.517083644866943,5.956721305847168,-4.022463321685791,,
feedback,5.119468,1786508761181,7,1,10.0,0.0,-10.0,,-6.466019153594971,5.986634254455566,-3.960712194442749,,
feedback,5.128220,1786508761190,7,1,10.0,0.0,-10.0,,-6.405117511749268,5.945426940917969,-3.80444598197937,,
feedback,5.135665,1786508761198,7,1,10.0,0.0,-10.0,,-6.688875198364258,6.189302444458008,-4.075381755828857,,
feedback,5.145420,1786508761207,7,1,10.0,0.0,-10.0,,-6.775754928588867,6.18346643447876,-4.3185296058654785,,
feedback,5.152441,1786508761211,7,1,10.0,0.0,-10.0,,-6.743327617645264,6.147592544555664,-4.364080429077148,,
feedback,5.160583,1786508761219,7,1,10.0,0.0,-10.0,,-6.849435806274414,6.221715927124023,-4.432807445526123,,
feedback,5.169601,1786508761228,7,1,10.0,0.0,-10.0,,-6.778759956359863,5.951857089996338,-4.510188579559326,,
feedback,5.176980,1786508761236,7,1,10.0,0.0,-10.0,,-6.7604498863220215,5.9787983894348145,-4.411051273345947,,
feedback,5.184846,1786508761245,7,1,10.0,0.0,-10.0,,-6.686631202697754,6.011634349822998,-4.33465576171875,,
feedback,5.193947,1786508761253,7,1,10.0,0.0,-10.0,,-6.393632411956787,5.927942752838135,-4.1652984619140625,,
feedback,5.201765,1786508761261,7,1,10.0,0.0,-10.0,,-6.364070892333984,5.675595760345459,-4.33735466003418,,
feedback,5.209827,1786508761270,7,1,10.0,0.0,-10.0,,-6.334973335266113,5.639651298522949,-4.253678798675537,,
feedback,5.217556,1786508761278,7,1,10.0,0.0,-10.0,,-6.325515270233154,5.751003265380859,-4.05871057510376,,
feedback,5.226686,1786508761287,7,1,10.0,0.0,-10.0,,-6.424022197723389,5.938234806060791,-4.072214126586914,,
feedback,5.234727,1786508761295,7,1,10.0,0.0,-10.0,,-6.4650421142578125,6.227223873138428,-3.9954512119293213,,
feedback,5.242339,1786508761303,7,1,10.0,0.0,-10.0,,-6.390334129333496,5.967789173126221,-4.090023994445801,,
feedback,5.250825,1786508761312,7,1,10.0,0.0,-10.0,,-6.487259387969971,5.997225761413574,-4.138167858123779,,
feedback,5.259192,1786508761320,7,1,10.0,0.0,-10.0,,-6.757521152496338,6.0752739906311035,-4.261065483093262,,
feedback,5.267527,1786508761329,7,1,10.0,0.0,-10.0,,-6.73320198059082,5.922821521759033,-4.324565410614014,,
feedback,5.275819,1786508761334,7,1,10.0,0.0,-10.0,,-6.526280403137207,5.659255027770996,-4.4188313484191895,,
feedback,5.283166,1786508761342,7,1,10.0,0.0,-10.0,,-6.565174102783203,5.6128764152526855,-4.508207321166992,,
feedback,5.291312,1786508761351,7,1,10.0,0.0,-10.0,,-6.429288387298584,5.635351181030273,-4.424813747406006,,
feedback,5.299521,1786508761359,7,1,10.0,0.0,-10.0,,-6.439679145812988,5.585873603820801,-4.423150062561035,,
feedback,5.308245,1786508761368,7,1,10.0,0.0,-10.0,,-6.550517559051514,5.959329605102539,-4.338087558746338,,
feedback,5.316249,1786508761376,7,1,10.0,0.0,-10.0,,-6.611129283905029,6.1859331130981445,-4.214421272277832,,
feedback,5.324160,1786508761385,7,1,10.0,0.0,-10.0,,-6.823283672332764,6.347145080566406,-4.261927127838135,,
feedback,5.332737,1786508761393,7,1,10.0,0.0,-10.0,,-6.774850368499756,6.43791389465332,-4.073190689086914,,
feedback,5.340749,1786508761401,7,1,10.0,0.0,-10.0,,-6.696908473968506,6.15981388092041,-4.160440444946289,,
feedback,5.349290,1786508761410,7,1,10.0,0.0,-10.0,,-6.631520748138428,6.201478958129883,-4.199951648712158,,
feedback,5.356773,1786508761418,7,1,10.0,0.0,-10.0,,-6.466032028198242,6.0431013107299805,-4.053832054138184,,
feedback,5.365955,1786508761427,7,1,10.0,0.0,-10.0,,-6.451159477233887,6.200288772583008,-3.885551929473877,,
feedback,5.372812,1786508761435,7,1,10.0,0.0,-10.0,,-6.410335540771484,6.028162479400635,-3.987769365310669,,
feedback,5.381209,1786508761444,7,1,10.0,0.0,-10.0,,-6.753690719604492,5.945387840270996,-4.281667232513428,,
feedback,5.389454,1786508761452,7,1,10.0,0.0,-10.0,,-6.83376407623291,6.008552074432373,-4.452184677124023,,
feedback,5.398283,1786508761460,7,1,10.0,0.0,-10.0,,-7.039888381958008,6.328348159790039,-4.477818965911865,,
feedback,5.406143,1786508761465,7,1,10.0,0.0,-10.0,,-7.056358814239502,6.3942670822143555,-4.530410289764404,,
feedback,5.414019,1786508761473,7,1,10.0,0.0,-10.0,,-6.997579574584961,6.202285289764404,-4.392630577087402,,
feedback,5.422197,1786508761481,7,1,10.0,0.0,-10.0,,-6.834848880767822,5.968087196350098,-4.340271949768066,,
feedback,5.430583,1786508761490,7,1,10.0,0.0,-10.0,,-6.72065544128418,6.08942174911499,-4.082831859588623,,
feedback,5.438656,1786508761498,7,1,10.0,0.0,-10.0,,-6.736330032348633,6.006837844848633,-4.1641974449157715,,
feedback,5.446954,1786508761507,7,1,10.0,0.0,-10.0,,-6.670709133148193,5.782702445983887,-4.094437122344971,,
feedback,5.454942,1786508761515,7,1,10.0,0.0,-10.0,,-6.6357831954956055,5.709318161010742,-4.01629638671875,,
feedback,5.463300,1786508761524,7,1,10.0,0.0,-10.0,,-6.614104270935059,5.795258045196533,-4.035819053649902,,
feedback,5.471505,1786508761532,7,1,10.0,0.0,-10.0,,-6.5645060539245605,6.004054546356201,-3.946037769317627,,
feedback,5.480206,1786508761541,7,1,10.0,0.0,-10.0,,-6.60439395904541,6.136702060699463,-4.02642822265625,,
feedback,5.488427,1786508761549,7,1,10.0,0.0,-10.0,,-6.686845779418945,6.3235344886779785,-3.975184202194214,,
feedback,5.496644,1786508761557,7,1,10.0,0.0,-10.0,,-6.709575176239014,6.08496618270874,-4.037801265716553,,
feedback,5.505040,1786508761566,7,1,10.0,0.0,-10.0,,-6.8094024658203125,5.974206447601318,-4.220609664916992,,
feedback,5.512930,1786508761574,7,1,10.0,0.0,-10.0,,-6.681468486785889,5.889191150665283,-4.185897350311279,,
feedback,5.520668,1786508761583,7,1,10.0,0.0,-10.0,,-6.775942802429199,5.867534160614014,-4.3102216720581055,,
feedback,5.529741,1786508761591,7,1,10.0,0.0,-10.0,,-6.584080219268799,5.593845367431641,-4.251572608947754,,
feedback,5.538381,1786508761600,7,1,10.0,0.0,-10.0,,-6.702610492706299,5.742790222167969,-4.359490394592285,,
feedback,5.545226,1786508761608,7,1,10.0,0.0,-10.0,,-6.869020462036133,6.315939426422119,-4.208016872406006,,
feedback,5.554071,1786508761612,7,1,10.0,0.0,-10.0,,-6.709514617919922,6.21858549118042,-4.024021625518799,,
feedback,5.562063,1786508761621,7,1,10.0,0.0,-10.0,,-6.882140159606934,6.2405829429626465,-4.171581745147705,,
feedback,5.570400,1786508761629,7,1,10.0,0.0,-10.0,,-6.850735187530518,6.356680870056152,-4.128362655639648,,
feedback,5.577876,1786508761637,7,1,10.0,0.0,-10.0,,-6.776634693145752,6.4316253662109375,-4.031338214874268,,
feedback,5.586026,1786508761646,7,1,10.0,0.0,-10.0,,-6.731399059295654,6.147444725036621,-4.157058238983154,,
feedback,5.595381,1786508761654,7,1,10.0,0.0,-10.0,,-6.451448917388916,6.036324501037598,-4.096646785736084,,
feedback,5.603415,1786508761663,7,1,10.0,0.0,-10.0,,-6.335953712463379,6.018774032592773,-4.14169454574585,,
feedback,5.611110,1786508761671,7,1,10.0,0.0,-10.0,,-6.115566730499268,5.8164591789245605,-4.032116413116455,,
feedback,5.619304,1786508761679,7,1,10.0,0.0,-10.0,,-6.2289958000183105,5.626988887786865,-4.17905330657959,,
feedback,5.627202,1786508761688,7,1,10.0,0.0,-10.0,,-6.556073188781738,5.861571311950684,-4.276196479797363,,
feedback,5.635609,1786508761696,7,1,10.0,0.0,-10.0,,-6.678351402282715,5.9100871086120605,-4.30980920791626,,
feedback,5.643835,1786508761705,7,1,10.0,0.0,-10.0,,-6.962172985076904,6.255136966705322,-4.432391166687012,,
feedback,5.651699,1786508761713,7,1,10.0,0.0,-10.0,,-6.889193534851074,6.2974348068237305,-4.489989280700684,,
feedback,5.660497,1786508761721,7,1,10.0,0.0,-10.0,,-6.684103488922119,6.014460563659668,-4.544463634490967,,
feedback,5.668571,1786508761730,7,1,10.0,0.0,-10.0,,-6.5201592445373535,6.055665016174316,-4.316955089569092,,
feedback,5.676708,1786508761738,7,1,10.0,0.0,-10.0,,-6.487140655517578,5.9325270652771,-4.300480842590332,,
feedback,5.684288,1786508761747,7,1,10.0,0.0,-10.0,,-6.710749626159668,6.050545692443848,-4.408955097198486,,
feedback,5.692664,1786508761755,7,1,10.0,0.0,-10.0,,-6.467437267303467,5.704750061035156,-4.2734527587890625,,
feedback,5.701053,1786508761759,7,1,10.0,0.0,-10.0,,-6.351925373077393,5.615335464477539,-4.232447624206543,,
feedback,5.709563,1786508761768,7,1,10.0,0.0,-10.0,,-6.468585014343262,5.974709987640381,-4.172087669372559,,
feedback,5.717582,1786508761776,7,1,10.0,0.0,-10.0,,-6.388234615325928,6.008733749389648,-4.142840385437012,,
feedback,5.725749,1786508761785,7,1,10.0,0.0,-10.0,,-6.662912845611572,6.177486419677734,-4.078696250915527,,
feedback,5.733957,1786508761793,7,1,10.0,0.0,-10.0,,-6.7666425704956055,6.505873203277588,-3.949098825454712,,
feedback,5.742176,1786508761802,7,1,10.0,0.0,-10.0,,-6.69682502746582,6.076937675476074,-4.186978816986084,,
feedback,5.749911,1786508761810,7,1,10.0,0.0,-10.0,,-6.734824180603027,6.047218322753906,-4.09789514541626,,
feedback,5.758995,1786508761819,7,1,10.0,0.0,-10.0,,-6.840645790100098,6.0569257736206055,-4.122170925140381,,
feedback,5.766329,1786508761827,7,1,10.0,0.0,-10.0,,-6.971284866333008,5.9542999267578125,-4.2542243003845215,,
feedback,5.774635,1786508761836,7,1,10.0,0.0,-10.0,,-6.723634719848633,5.671535968780518,-4.284221172332764,,
feedback,5.782249,1786508761844,7,1,10.0,0.0,-10.0,,-6.8435564041137695,5.954524993896484,-4.272648811340332,,
feedback,5.790793,1786508761852,7,1,10.0,0.0,-10.0,,-6.800530910491943,6.122408390045166,-4.130009174346924,,
feedback,5.798842,1786508761861,7,1,10.0,0.0,-10.0,,-6.866708755493164,6.167687892913818,-4.2344489097595215,,
feedback,5.807222,1786508761869,7,1,10.0,0.0,-10.0,,-7.09267520904541,6.549580097198486,-4.222332000732422,,
feedback,5.815331,1786508761878,7,1,10.0,0.0,-10.0,,-6.970307350158691,6.506077289581299,-4.160485744476318,,
feedback,5.824037,1786508761886,7,1,10.0,0.0,-10.0,,-6.695460319519043,6.149281024932861,-4.112422943115234,,
feedback,5.832522,1786508761895,7,1,10.0,0.0,-10.0,,-6.750006198883057,6.06312894821167,-4.2164201736450195,,
feedback,5.840576,1786508761899,7,1,10.0,0.0,-10.0,,-6.745352268218994,6.222294330596924,-4.088071823120117,,
feedback,5.848680,1786508761907,7,1,10.0,0.0,-10.0,,-6.631509780883789,6.13079309463501,-4.009890079498291,,
feedback,5.856935,1786508761916,7,1,10.0,0.0,-10.0,,-6.419928550720215,6.140019416809082,-3.764207124710083,,
feedback,5.865064,1786508761924,7,1,10.0,0.0,-10.0,,-6.658895015716553,6.126247406005859,-4.066590309143066,,
feedback,5.872949,1786508761932,7,1,10.0,0.0,-10.0,,-6.838343620300293,5.956693172454834,-4.337706565856934,,
feedback,5.881561,1786508761941,7,1,10.0,0.0,-10.0,,-6.747773170471191,5.9848313331604,-4.395659923553467,,
feedback,5.889850,1786508761949,7,1,10.0,0.0,-10.0,,-6.822281360626221,6.143535614013672,-4.509500980377197,,
feedback,5.897915,1786508761958,7,1,10.0,0.0,-10.0,,-6.659595489501953,5.967521667480469,-4.471704959869385,,
feedback,5.905989,1786508761966,7,1,10.0,0.0,-10.0,,-6.588198661804199,5.912734508514404,-4.3443803787231445,,
feedback,5.914236,1786508761974,7,1,10.0,0.0,-10.0,,-6.637663841247559,5.86738395690918,-4.424134254455566,,
feedback,5.921913,1786508761983,7,1,10.0,0.0,-10.0,,-6.47939920425415,5.857948303222656,-4.342432022094727,,
feedback,5.930541,1786508761991,7,1,10.0,0.0,-10.0,,-6.327091217041016,5.589292526245117,-4.37429666519165,,
feedback,5.938404,1786508762000,7,1,10.0,0.0,-10.0,,-6.390959739685059,5.631021976470947,-4.396705150604248,,
feedback,5.947600,1786508762008,7,1,10.0,0.0,-10.0,,-6.258061408996582,5.609771728515625,-4.2173895835876465,,
feedback,5.955383,1786508762016,7,1,10.0,0.0,-10.0,,-6.45700216293335,5.905114650726318,-4.275358200073242,,
feedback,5.962824,1786508762025,7,1,10.0,0.0,-10.0,,-6.408656120300293,5.958099842071533,-4.201376914978027,,
feedback,5.971304,1786508762033,7,1,10.0,0.0,-10.0,,-6.378795623779297,5.935198783874512,-4.171144962310791,,
feedback,5.978961,1786508762042,7,1,10.0,0.0,-10.0,,-6.3289923667907715,5.943102836608887,-4.062813758850098,,
feedback,5.987168,1786508762046,7,1,10.0,0.0,-10.0,,-6.371030807495117,5.9181084632873535,-4.008459568023682,,
feedback,5.995968,1786508762054,7,1,10.0,0.0,-10.0,,-6.650343894958496,5.976648330688477,-4.128898620605469,,
feedback,6.003959,1786508762063,7,1,10.0,0.0,-10.0,,-6.646599769592285,5.707267761230469,-4.314267635345459,,
feedback,6.012656,1786508762071,7,1,10.0,0.0,-10.0,,-6.741079330444336,5.658644199371338,-4.238614082336426,,
feedback,6.020096,1786508762080,7,1,10.0,0.0,-10.0,,-6.8135786056518555,5.861238479614258,-4.165024280548096,,
feedback,6.029199,1786508762088,7,1,10.0,0.0,-10.0,,-6.958708763122559,6.0154852867126465,-4.246709823608398,,
feedback,6.036186,1786508762097,7,1,10.0,0.0,-10.0,,-6.977221488952637,6.078302383422852,-4.2459001541137695,,
feedback,6.044919,1786508762105,7,1,10.0,0.0,-10.0,,-7.0032758712768555,6.604551792144775,-3.9778804779052734,,
feedback,6.052896,1786508762113,7,1,10.0,0.0,-10.0,,-6.996752738952637,6.4176344871521,-4.1156439781188965,,
feedback,6.061505,1786508762122,7,1,10.0,0.0,-10.0,,-6.863696098327637,6.208624839782715,-4.165645599365234,,
feedback,6.069784,1786508762130,7,1,10.0,0.0,-10.0,,-6.872382640838623,6.3207173347473145,-4.161233901977539,,
feedback,6.077609,1786508762139,7,1,10.0,0.0,-10.0,,-6.713693141937256,6.088228702545166,-4.184165954589844,,
feedback,6.085077,1786508762147,7,1,10.0,0.0,-10.0,,-6.649631977081299,6.049680709838867,-4.082411766052246,,
feedback,6.093596,1786508762155,7,1,10.0,0.0,-10.0,,-6.675888538360596,6.22632360458374,-3.9795711040496826,,
feedback,6.101996,1786508762164,7,1,10.0,0.0,-10.0,,-6.414777755737305,6.116547107696533,-3.852823495864868,,
feedback,6.110232,1786508762172,7,1,10.0,0.0,-10.0,,-6.354987621307373,6.02673864364624,-4.135619640350342,,
feedback,6.118256,1786508762181,7,1,10.0,0.0,-10.0,,-6.420506477355957,5.8118510246276855,-4.408792495727539,,
feedback,6.126568,1786508762185,7,1,10.0,0.0,-10.0,,-6.7051544189453125,6.165979385375977,-4.491250991821289,,
feedback,6.134419,1786508762194,7,1,10.0,0.0,-10.0,,-6.850956439971924,6.313596248626709,-4.419562816619873,,
feedback,6.142907,1786508762202,7,1,10.0,0.0,-10.0,,-6.934673309326172,6.195387363433838,-4.470818042755127,,
feedback,6.150437,1786508762210,7,1,10.0,0.0,-10.0,,-6.565642356872559,5.696825981140137,-4.522420883178711,,
feedback,6.159697,1786508762219,7,1,10.0,0.0,-10.0,,-6.586790084838867,5.593656539916992,-4.5535783767700195,,
feedback,6.167250,1786508762227,7,1,10.0,0.0,-10.0,,-6.390268325805664,5.670417308807373,-4.32932186126709,,
feedback,6.175838,1786508762236,7,1,10.0,0.0,-10.0,,-6.3134636878967285,5.791731357574463,-4.1275458335876465,,
feedback,6.183791,1786508762244,7,1,10.0,0.0,-10.0,,-6.530219554901123,5.939712047576904,-4.216758728027344,,
feedback,6.191529,1786508762253,7,1,10.0,0.0,-10.0,,-6.601320266723633,6.114520072937012,-4.196805953979492,,
feedback,6.200086,1786508762261,7,1,10.0,0.0,-10.0,,-6.72480583190918,6.212921619415283,-4.1158928871154785,,
feedback,6.208267,1786508762269,7,1,10.0,0.0,-10.0,,-6.715668678283691,6.103127956390381,-4.159651279449463,,
feedback,6.216071,1786508762278,7,1,10.0,0.0,-10.0,,-6.562025547027588,6.0901055335998535,-3.9787940979003906,,
feedback,6.224275,1786508762286,7,1,10.0,0.0,-10.0,,-6.496927261352539,5.91624116897583,-3.9282026290893555,,
feedback,6.232371,1786508762295,7,1,10.0,0.0,-10.0,,-6.511003017425537,6.049388408660889,-3.7475054264068604,,
feedback,6.240592,1786508762303,7,1,10.0,0.0,-10.0,,-6.488694190979004,5.796170711517334,-3.8745007514953613,,
feedback,6.248624,1786508762312,7,1,10.0,0.0,-10.0,,-6.658814907073975,5.857757091522217,-4.122232437133789,,
feedback,6.257161,1786508762316,7,1,10.0,0.0,-10.0,,-6.799131870269775,6.107559680938721,-4.023862838745117,,
feedback,6.265276,1786508762324,7,1,10.0,0.0,-10.0,,-6.870293140411377,6.150720596313477,-4.255457878112793,,
feedback,6.273360,1786508762333,7,1,10.0,0.0,-10.0,,-6.978823184967041,6.017803192138672,-4.411907196044922,,
feedback,6.281567,1786508762341,7,1,10.0,0.0,-10.0,,-7.014068126678467,6.2145538330078125,-4.33804988861084,,
feedback,6.290122,1786508762350,7,1,10.0,0.0,-10.0,,-7.01778507232666,6.140218734741211,-4.340457439422607,,
feedback,6.298075,1786508762359,7,1,10.0,0.0,-10.0,,-6.932283878326416,6.225042819976807,-4.260535717010498,,
feedback,6.307941,1786508762369,7,1,10.0,0.0,-10.0,,-6.489378452301025,5.914474964141846,-4.2552361488342285,,
feedback,6.314928,1786508762377,7,1,10.0,0.0,-10.0,,-6.345600128173828,5.650483131408691,-4.33469820022583,,
feedback,6.322996,1786508762386,7,1,10.0,0.0,-10.0,,-6.305627822875977,5.646123886108398,-4.271061420440674,,
feedback,6.331307,1786508762390,7,1,10.0,0.0,-10.0,,-6.585788726806641,6.281948566436768,-4.130287170410156,,
feedback,6.339506,1786508762398,7,1,10.0,0.0,-10.0,,-6.688225269317627,6.09224271774292,-4.313605785369873,,
feedback,6.347828,1786508762407,7,1,10.0,0.0,-10.0,,-6.506337642669678,6.201423645019531,-4.170369625091553,,
feedback,6.355685,1786508762415,7,1,10.0,0.0,-10.0,,-6.349535942077637,6.026241302490234,-4.1781134605407715,,
feedback,6.363966,1786508762424,7,1,10.0,0.0,-10.0,,-6.377273082733154,6.071694374084473,-4.192622184753418,,
feedback,6.372143,1786508762432,7,1,10.0,0.0,-10.0,,-6.380575180053711,5.872819900512695,-4.305989742279053,,
feedback,6.380340,1786508762440,7,1,10.0,0.0,-10.0,,-6.495099067687988,5.794123649597168,-4.382801055908203,,
feedback,6.388505,1786508762449,7,1,10.0,0.0,-10.0,,-6.422749042510986,5.515198707580566,-4.203146934509277,,
feedback,6.396881,1786508762457,7,1,10.0,0.0,-10.0,,-6.585344314575195,5.564794063568115,-4.2701215744018555,,
feedback,6.404693,1786508762466,7,1,10.0,0.0,-10.0,,-7.093650817871094,6.157021999359131,-4.2345991134643555,,
feedback,6.412941,1786508762474,7,1,10.0,0.0,-10.0,,-6.946866035461426,6.12304162979126,-4.155934810638428,,
feedback,6.421080,1786508762482,7,1,10.0,0.0,-10.0,,-6.928555965423584,6.130943298339844,-4.20209264755249,,
feedback,6.429497,1786508762491,7,1,10.0,0.0,-10.0,,-7.042067527770996,6.3771162033081055,-4.186068058013916,,
feedback,6.437744,1786508762499,7,1,10.0,0.0,-10.0,,-6.923945426940918,6.100836277008057,-4.211965560913086,,
feedback,6.446066,1786508762508,7,1,10.0,0.0,-10.0,,-6.8327131271362305,6.153241157531738,-4.190813064575195,,
feedback,6.454209,1786508762516,7,1,10.0,0.0,-10.0,,-6.592599868774414,5.9473700523376465,-4.104454517364502,,
feedback,6.462456,1786508762524,7,1,10.0,0.0,-10.0,,-6.597860336303711,5.980198860168457,-4.018514633178711,,
feedback,6.471032,1786508762533,7,1,10.0,0.0,-10.0,,-6.647687911987305,6.046959400177002,-4.087085723876953,,
feedback,6.479366,1786508762541,7,1,10.0,0.0,-10.0,,-6.415935516357422,5.8898749351501465,-4.118040084838867,,
feedback,6.487635,1786508762550,7,1,10.0,0.0,-10.0,,-6.351129055023193,6.120386123657227,-4.05795431137085,,
feedback,6.495969,1786508762554,7,1,10.0,0.0,-10.0,,-6.495539665222168,6.1227216720581055,-4.1883368492126465,,
feedback,6.502835,1786508762562,7,1,10.0,0.0,-10.0,,-6.416382789611816,6.313925266265869,-4.0156965255737305,,
feedback,6.511102,1786508762571,7,1,10.0,0.0,-10.0,,-6.5908589363098145,6.05836296081543,-4.23618745803833,,
feedback,6.519606,1786508762579,7,1,10.0,0.0,-10.0,,-6.6801300048828125,5.967905521392822,-4.5242791175842285,,
feedback,6.528289,1786508762587,7,1,10.0,0.0,-10.0,,-6.273128509521484,5.375679016113281,-4.474813461303711,,
feedback,6.536263,1786508762596,7,1,10.0,0.0,-10.0,,-6.638633728027344,5.625216960906982,-4.493265151977539,,
feedback,6.544751,1786508762604,7,1,10.0,0.0,-10.0,,-6.543469429016113,5.5706610679626465,-4.449191093444824,,
feedback,6.552341,1786508762613,7,1,10.0,0.0,-10.0,,-6.71323299407959,5.934569358825684,-4.336424350738525,,
feedback,6.560380,1786508762621,7,1,10.0,0.0,-10.0,,-6.97434139251709,6.17756986618042,-4.220986366271973,,
feedback,6.568990,1786508762630,7,1,10.0,0.0,-10.0,,-7.007143020629883,6.443109512329102,-4.04158878326416,,
feedback,6.577333,1786508762638,7,1,10.0,0.0,-10.0,,-7.083257675170898,6.476325988769531,-4.1119890213012695,,
feedback,6.585647,1786508762647,7,1,10.0,0.0,-10.0,,-7.2080535888671875,6.543176651000977,-4.2339911460876465,,
feedback,6.593510,1786508762655,7,1,10.0,0.0,-10.0,,-6.890021324157715,6.185499668121338,-4.148463249206543,,
feedback,6.600896,1786508762664,7,1,10.0,0.0,-10.0,,-6.737452983856201,5.958479881286621,-4.188782691955566,,
feedback,6.609215,1786508762672,7,1,10.0,0.0,-10.0,,-6.59676456451416,5.948068618774414,-4.029219627380371,,
feedback,6.617641,1786508762680,7,1,10.0,0.0,-10.0,,-6.794183731079102,6.334270477294922,-3.9142706394195557,,
feedback,6.626250,1786508762685,7,1,10.0,0.0,-10.0,,-6.724645614624023,6.358576774597168,-3.942883253097534,,
feedback,6.634034,1786508762693,7,1,10.0,0.0,-10.0,,-6.662616729736328,6.577653408050537,-3.916231393814087,,
feedback,6.642768,1786508762701,7,1,10.0,0.0,-10.0,,-6.4819231033325195,6.204112529754639,-4.210973262786865,,
feedback,6.651140,1786508762710,7,1,10.0,0.0,-10.0,,-6.515521049499512,5.963115692138672,-4.454686641693115,,
feedback,6.659174,1786508762718,7,1,10.0,0.0,-10.0,,-6.576560020446777,5.872835159301758,-4.363551139831543,,
feedback,6.666721,1786508762727,7,1,10.0,0.0,-10.0,,-6.3764519691467285,5.488269805908203,-4.3695244789123535,,
feedback,6.675082,1786508762735,7,1,10.0,0.0,-10.0,,-6.40287971496582,5.382718086242676,-4.5953688621521,,
feedback,6.684111,1786508762743,7,1,10.0,0.0,-10.0,,-6.269998073577881,5.253901958465576,-4.41956901550293,,
feedback,6.692061,1786508762752,7,1,10.0,0.0,-10.0,,-6.346161365509033,5.516146659851074,-4.382641315460205,,
feedback,6.700068,1786508762760,7,1,10.0,0.0,-10.0,,-6.618800640106201,5.953221321105957,-4.315512180328369,,
feedback,6.707377,1786508762769,7,1,10.0,0.0,-10.0,,-6.800382137298584,6.247359275817871,-4.14681339263916,,
feedback,6.716440,1786508762777,7,1,10.0,0.0,-10.0,,-7.029534339904785,6.442147731781006,-4.143444538116455,,
feedback,6.724140,1786508762786,7,1,10.0,0.0,-10.0,,-6.965984344482422,6.202772617340088,-4.197824478149414,,
feedback,6.732309,1786508762794,7,1,10.0,0.0,-10.0,,-6.905877113342285,6.209313869476318,-4.117467880249023,,
feedback,6.741370,1786508762803,7,1,10.0,0.0,-10.0,,-6.670490741729736,6.023128032684326,-4.022851467132568,,
feedback,6.749368,1786508762811,7,1,10.0,0.0,-10.0,,-6.670003890991211,5.990717887878418,-4.077581882476807,,
feedback,6.757361,1786508762819,7,1,10.0,0.0,-10.0,,-6.538271427154541,6.05502462387085,-3.9759371280670166,,
feedback,6.765804,1786508762828,7,1,10.0,0.0,-10.0,,-6.565828800201416,6.273162364959717,-3.9347879886627197,,
feedback,6.773037,1786508762832,7,1,10.0,0.0,-10.0,,-6.651388168334961,6.379293441772461,-3.954505443572998,,
feedback,6.782350,1786508762840,7,1,10.0,0.0,-10.0,,-6.630734443664551,6.293004989624023,-4.222633361816406,,
feedback,6.790164,1786508762849,7,1,10.0,0.0,-10.0,,-6.482118129730225,5.808669090270996,-4.423596382141113,,
feedback,6.798137,1786508762858,7,1,10.0,0.0,-10.0,,-6.720710754394531,6.030372142791748,-4.395688533782959,,
feedback,6.806202,1786508762866,7,1,10.0,0.0,-10.0,,-6.508004188537598,5.687077045440674,-4.421938419342041,,
feedback,6.815149,1786508762874,7,1,10.0,0.0,-10.0,,-6.356404781341553,5.344606876373291,-4.491117477416992,,
feedback,6.824081,1786508762883,7,1,10.0,0.0,-10.0,,-6.484976291656494,5.577836036682129,-4.466827392578125,,
feedback,6.831547,1786508762891,7,1,10.0,0.0,-10.0,,-6.613513469696045,5.8325676918029785,-4.458359718322754,,
feedback,6.839437,1786508762899,7,1,10.0,0.0,-10.0,,-6.821207046508789,6.148126125335693,-4.337004661560059,,
feedback,6.848048,1786508762908,7,1,10.0,0.0,-10.0,,-7.046271324157715,6.620736122131348,-3.993603229522705,,
feedback,6.855666,1786508762916,7,1,10.0,0.0,-10.0,,-6.950132846832275,6.420114040374756,-4.037591934204102,,
feedback,6.864277,1786508762925,7,1,10.0,0.0,-10.0,,-7.003539562225342,6.570340633392334,-4.011981010437012,,
feedback,6.873023,1786508762933,7,1,10.0,0.0,-10.0,,-6.848789691925049,6.255959510803223,-4.148225784301758,,
feedback,6.880515,1786508762942,7,1,10.0,0.0,-10.0,,-6.5327863693237305,5.740536689758301,-4.165668487548828,,
feedback,6.887979,1786508762950,7,1,10.0,0.0,-10.0,,-6.708776950836182,6.092007637023926,-4.017703056335449,,
feedback,6.896292,1786508762958,7,1,10.0,0.0,-10.0,,-6.654635906219482,6.1167097091674805,-3.9088099002838135,,
feedback,6.904228,1786508762967,7,1,10.0,0.0,-10.0,,-6.693362712860107,6.253018379211426,-3.967006206512451,,
feedback,6.914042,1786508762975,7,1,10.0,0.0,-10.0,,-6.166059494018555,5.96083402633667,-4.029978275299072,,
feedback,6.921188,1786508762983,7,1,10.0,0.0,-10.0,,-6.356069564819336,6.028199195861816,-4.206118106842041,,
feedback,6.929293,1786508762992,7,1,10.0,0.0,-10.0,,-6.53725528717041,5.764031887054443,-4.385092735290527,,
feedback,6.937354,1786508763000,7,1,10.0,0.0,-10.0,,-6.187695503234863,5.369353294372559,-4.402867794036865,,
feedback,6.946410,1786508763004,7,1,10.0,0.0,-10.0,,-6.146459579467773,5.128015995025635,-4.532447814941406,,
feedback,6.953784,1786508763013,7,1,10.0,0.0,-10.0,,-6.288215637207031,5.159977436065674,-4.59868860244751,,
feedback,6.963595,1786508763021,7,1,10.0,0.0,-10.0,,-6.535266876220703,5.476831912994385,-4.600406169891357,,
feedback,6.971761,1786508763030,7,1,10.0,0.0,-10.0,,-6.900613307952881,6.180440902709961,-4.424416542053223,,
feedback,6.979195,1786508763038,7,1,10.0,0.0,-10.0,,-7.099943161010742,6.324815273284912,-4.171447277069092,,
feedback,6.987475,1786508763047,7,1,10.0,0.0,-10.0,,-6.982077121734619,6.389432907104492,-4.040407180786133,,
feedback,6.995794,1786508763055,7,1,10.0,0.0,-10.0,,-7.076694965362549,6.404222011566162,-4.089043140411377,,
feedback,7.002853,1786508763063,7,1,10.0,0.0,-10.0,,-7.042235851287842,6.317712783813477,-4.071048736572266,,
feedback,7.011501,1786508763072,7,1,10.0,0.0,-10.0,,-6.650412559509277,5.852485179901123,-4.190646171569824,,
feedback,7.019091,1786508763080,7,1,10.0,0.0,-10.0,,-6.561220169067383,5.844078540802002,-4.0505571365356445,,
feedback,7.027553,1786508763089,7,1,10.0,0.0,-10.0,,-6.635079860687256,5.957929611206055,-4.121191024780273,,
feedback,7.035471,1786508763097,7,1,10.0,0.0,-10.0,,-6.270040988922119,5.778616428375244,-4.212152481079102,,
feedback,7.043859,1786508763106,7,1,10.0,0.0,-10.0,,-6.214604377746582,5.842505931854248,-4.216320991516113,,
feedback,7.051734,1786508763114,7,1,10.0,0.0,-10.0,,-6.466678142547607,6.1824631690979,-4.167403697967529,,
feedback,7.059852,1786508763122,7,1,10.0,0.0,-10.0,,-6.197752475738525,6.087471008300781,-4.139144420623779,,
feedback,7.068443,1786508763131,7,1,10.0,0.0,-10.0,,-6.356540679931641,5.877671718597412,-4.273744583129883,,
feedback,7.076718,1786508763139,7,1,10.0,0.0,-10.0,,-6.406485080718994,5.684011936187744,-4.387438774108887,,
feedback,7.085635,1786508763148,7,1,10.0,0.0,-10.0,,-6.564023971557617,5.686380863189697,-4.244070053100586,,
feedback,7.093594,1786508763156,7,1,10.0,0.0,-10.0,,-6.758581638336182,5.923115253448486,-4.010392665863037,,
feedback,7.101774,1786508763160,7,1,10.0,0.0,-10.0,,-7.084280490875244,6.211905002593994,-4.111847400665283,,
feedback,7.109162,1786508763169,7,1,10.0,0.0,-10.0,,-6.935424327850342,6.361586570739746,-3.855771541595459,,
feedback,7.117359,1786508763177,7,1,10.0,0.0,-10.0,,-6.747319221496582,6.287353515625,-3.633892774581909,,
feedback,7.126390,1786508763185,7,1,10.0,0.0,-10.0,,-6.423900127410889,5.882149696350098,-3.66943621635437,,
feedback,7.133993,1786508763194,7,1,10.0,0.0,-10.0,,-6.264829635620117,5.722970485687256,-3.662102460861206,,
feedback,7.142946,1786508763202,7,1,10.0,0.0,-10.0,,-5.9041242599487305,5.349231719970703,-3.547762393951416,,
feedback,7.150637,1786508763211,7,1,10.0,0.0,-10.0,,-5.584933280944824,5.0374226570129395,-3.4713897705078125,,
feedback,7.158868,1786508763219,7,1,10.0,0.0,-10.0,,-5.090286731719971,4.457901477813721,-3.510122299194336,,
feedback,7.167766,1786508763228,7,1,10.0,0.0,-10.0,,-4.539613723754883,4.012805461883545,-3.1664257049560547,,
feedback,7.175404,1786508763236,7,1,10.0,0.0,-10.0,,-4.244988918304443,3.858408212661743,-2.8818676471710205,,
feedback,7.183622,1786508763245,7,1,10.0,0.0,-10.0,,-3.9149434566497803,3.7043256759643555,-2.696713447570801,,
feedback,7.191996,1786508763253,7,1,10.0,0.0,-10.0,,-3.5690340995788574,3.2467479705810547,-2.5287046432495117,,
feedback,7.200676,1786508763261,7,1,10.0,0.0,-10.0,,-3.410630702972412,3.165562629699707,-2.279245138168335,,
feedback,7.208796,1786508763270,7,1,10.0,0.0,-10.0,,-3.0403897762298584,2.8229246139526367,-2.088261127471924,,
feedback,7.215903,1786508763278,7,1,10.0,0.0,-10.0,,-2.700324296951294,2.5807905197143555,-1.8434666395187378,,
feedback,7.224288,1786508763287,7,1,10.0,0.0,-10.0,,-2.3916945457458496,2.2231318950653076,-1.6623834371566772,,
feedback,7.232554,1786508763295,7,1,10.0,0.0,-10.0,,-2.0012059211730957,1.8710026741027832,-1.3735830783843994,,
feedback,7.240673,1786508763304,7,1,10.0,0.0,-10.0,,-1.6133394241333008,1.5362792015075684,-0.9987267851829529,,
feedback,7.249968,1786508763312,7,1,10.0,0.0,-10.0,,-1.0318543910980225,0.9556060433387756,-0.6625402569770813,,
feedback,7.258377,1786508763316,7,1,10.0,0.0,-10.0,,-0.9474650621414185,0.8319987654685974,-0.6247702240943909,,
feedback,7.266081,1786508763325,7,1,10.0,0.0,-10.0,,-0.8165892362594604,0.7379500269889832,-0.5448588132858276,,
feedback,7.273828,1786508763333,7,1,10.0,0.0,-10.0,,-0.6904304623603821,0.5433246493339539,-0.5139564275741577,,
feedback,7.283628,1786508763341,7,1,10.0,0.0,-10.0,,-0.5368668437004089,0.4228256940841675,-0.4101732075214386,,
feedback,7.290394,1786508763350,7,1,10.0,0.0,-10.0,,-0.45253750681877136,0.37315475940704346,-0.29943227767944336,,
feedback,7.299639,1786508763358,7,1,10.0,0.0,-10.0,,-0.18859346210956573,0.23891647160053253,-0.15645599365234375,,
feedback,7.307440,1786508763367,7,1,10.0,0.0,-10.0,,-0.07014143466949463,0.12252305448055267,-0.03807160630822182,,
feedback,7.316278,1786508763375,7,1,10.0,0.0,-10.0,,-0.001937428256496787,-0.01136022713035345,-0.001134908408857882,,
feedback,7.322828,1786508763384,7,1,10.0,0.0,-10.0,,-0.05028315633535385,0.032532382756471634,-0.008322218433022499,,
feedback,7.331160,1786508763392,7,1,10.0,0.0,-10.0,,-0.006484430283308029,0.008041059598326683,0.016548173502087593,,
feedback,7.339786,1786508763401,7,1,10.0,0.0,-10.0,,-0.020728057250380516,0.011711012572050095,-0.027391012758016586,,
feedback,7.347914,1786508763409,7,1,10.0,0.0,-10.0,,0.0023973514325916767,0.016522936522960663,-0.0043107494711875916,,
feedback,7.355914,1786508763418,7,1,10.0,0.0,-10.0,,-0.02882343716919422,0.028400694951415062,0.004495522007346153,,
feedback,7.365494,1786508763426,7,1,10.0,0.0,-10.0,,0.016314540058374405,-0.007155802566558123,0.016288621351122856,,
feedback,7.373260,1786508763434,5,1,10.0,0.0,-10.0,,-0.02166222222149372,0.010346557945013046,-0.004161258228123188,,
feedback,7.381535,1786508763443,5,1,10.0,0.0,-10.0,,0.01151986699551344,-0.04020167514681816,-0.01628863997757435,,
feedback,7.389544,1786508763451,5,1,10.0,0.0,-10.0,,0.01994158886373043,-0.036882590502500534,0.002630445174872875,,
feedback,7.398037,1786508763460,5,1,10.0,0.0,-10.0,,-0.02093065157532692,0.0179258044809103,0.0018649883568286896,,
