event,pc_time_s,controller_timestamp,robot_mode,axis,target_speed_deg_s,target_delta_deg,selected_actual_deg_s,speed_error_deg_s,command_interval_ms,command_latency_ms,target_x,target_y,target_z,target_rx,target_ry,target_rz,actual_x,actual_y,actual_z,actual_rx,actual_ry,actual_rz,tcp_vx,tcp_vy,tcp_vz,tcp_wx,tcp_wy,tcp_wz,response
feedback,0.001817,1786439421887,5,Ry,0.000000,0.000000,0.015120,0.015120,,,335.911011,-66.844963,179.611542,89.999840,50.000477,89.999954,335.910828,-66.845016,179.610916,90.000038,50.000519,90.000114,0.023754,0.034412,-0.098386,-0.005895,0.019738,0.000000,
feedback,0.009076,1786439421895,5,Ry,0.000000,0.000000,-0.015120,-0.015120,,,335.911011,-66.844963,179.611542,89.999840,50.000477,89.999954,335.911133,-66.844849,179.611435,89.999878,50.000484,90.000046,0.100740,0.030090,0.103571,-0.000971,-0.019738,-0.000000,
command,0.000010,,,Ry,5.000000,15.000000,,,,12.769,335.911011,-66.844963,179.611542,89.999840,50.000477,89.999954,,,,,,,,,,,,,"0,{1445},RelMovLTool(0.000000,0.000000,0.000000,0.000000,15.000000,0.000000,a=30,v=25,cp=0);"
feedback,0.019047,1786439421904,7,Ry,5.000000,15.000000,0.015746,-4.984254,,,335.911011,-66.844963,179.611542,89.999840,50.000477,89.999954,335.910339,-66.845161,179.610992,90.000038,50.000519,90.000114,-0.164756,-0.059757,-0.071779,-0.021593,0.026317,-0.006866,
feedback,0.026203,1786439421908,7,Ry,5.000000,15.000000,0.005040,-4.994960,,,335.911011,-66.844963,179.611542,89.999840,50.000477,89.999954,335.910461,-66.845131,179.610901,90.000084,50.000526,90.000145,0.029612,0.008845,-0.025827,-0.001965,0.006579,-0.000000,
feedback,0.033757,1786439421916,7,Ry,5.000000,15.000000,-0.006997,-5.006997,,,335.911011,-66.844963,179.611542,89.999840,50.000477,89.999954,435.910797,-66.845062,179.611298,-89.999695,79.999557,-89.999672,-0.003319,-0.195595,0.069351,0.017663,-0.013158,-0.034332,
feedback,0.042009,1786439421925,7,Ry,5.000000,15.000000,-0.004094,-5.004094,,,335.911011,-66.844963,179.611542,89.999840,50.000477,89.999954,435.910858,-66.844933,179.610870,-90.000153,79.999481,-90.000122,0.013780,-0.040945,0.021588,-0.011768,-0.006579,-0.013733,
feedback,0.050049,1786439421933,7,Ry,5.000000,15.000000,-0.008189,-5.008189,,,335.911011,-66.844963,179.611542,89.999840,50.000477,89.999954,435.911102,-66.845367,179.611664,-89.999397,79.999550,-89.999428,-0.017009,-0.177154,0.121700,0.010797,-0.013158,-0.027466,
feedback,0.059102,1786439421942,7,Ry,5.000000,15.000000,-0.047740,-5.047740,,,335.911011,-66.844963,179.611542,89.999840,50.000477,89.999954,435.910950,-66.844856,179.611526,-89.999542,79.999542,-89.999443,0.069076,0.065693,0.255815,0.013756,-0.046055,0.013733,
feedback,0.066531,1786439421950,7,Ry,5.000000,15.000000,0.002902,-4.997098,,,335.911011,-66.844963,179.611542,89.999840,50.000477,89.999954,435.910522,-66.844894,179.610764,-90.000458,79.999519,-90.000313,-0.057171,0.050515,-0.005866,-0.001965,0.006579,0.020599,
feedback,0.075597,1786439421959,7,Ry,5.000000,15.000000,0.193861,-4.806139,,,335.911011,-66.844963,179.611542,89.999840,50.000477,89.999954,435.908508,-66.845528,179.608124,-90.006516,79.999290,-90.006393,-0.268290,-0.220105,-0.558053,-0.050124,0.190798,-0.034332,
feedback,0.083567,1786439421967,7,Ry,5.000000,15.000000,0.585520,-4.414480,,,335.911011,-66.844963,179.611542,89.999840,50.000477,89.999954,435.902161,-66.847809,179.599457,-90.027275,79.998375,-90.026917,-1.028932,-0.325076,-1.518895,-0.156266,0.592131,-0.013735,
feedback,0.090958,1786439421975,7,Ry,5.000000,15.000000,1.016051,-3.983949,,,335.911011,-66.844963,179.611542,89.999840,50.000477,89.999954,435.890625,-66.849739,179.582626,-90.069839,79.996437,-90.068810,-1.500253,-0.234386,-2.258351,-0.260478,1.032936,0.006856,
feedback,0.099106,1786439421984,7,Ry,5.000000,15.000000,1.296003,-3.703997,,,335.911011,-66.844963,179.611542,89.999840,50.000477,89.999954,435.878143,-66.853340,179.562057,-90.127983,79.993782,-90.126556,-1.467763,-0.549695,-2.488473,-0.341095,1.302671,-0.075550,
feedback,0.107564,1786439421992,7,Ry,5.000000,15.000000,1.527004,-3.472996,,,335.911011,-66.844963,179.611542,89.999840,50.000477,89.999954,435.867859,-66.856964,179.543091,-90.195480,79.990906,-90.193962,-1.219242,-0.432446,-2.388834,-0.359961,1.526328,-0.137386,
feedback,0.115675,1786439422001,7,Ry,5.000000,15.000000,1.748755,-3.251245,,,335.911011,-66.844963,179.611542,89.999840,50.000477,89.999954,435.857666,-66.863060,179.523010,-90.274117,79.987640,-90.273468,-1.209803,-0.729367,-2.311852,-0.405448,1.723622,-0.295349,
feedback,0.124427,1786439422009,7,Ry,5.000000,15.000000,1.720027,-3.279973,,,335.911011,-66.844963,179.611542,89.999840,50.000477,89.999954,435.852203,-66.870041,179.508316,-90.352722,79.984703,-90.354164,-0.556737,-0.713152,-1.587853,-0.323312,1.677468,-0.391579,
feedback,0.132494,1786439422018,7,Ry,5.000000,15.000000,1.534159,-3.465841,,,335.911011,-66.844963,179.611542,89.999840,50.000477,89.999954,435.849792,-66.871101,179.497040,-90.460609,79.981667,-90.463219,-0.092262,-0.151105,-0.642328,-0.198688,1.512955,-0.254414,
feedback,0.140640,1786439422026,7,Ry,5.000000,15.000000,1.755890,-3.244110,,,335.911011,-66.844963,179.611542,89.999840,50.000477,89.999954,435.848236,-66.875832,179.491684,-90.536026,79.980591,-90.540321,-0.254525,-0.799680,-0.699754,-0.086363,1.710168,-0.412679,
feedback,0.148539,1786439422035,7,Ry,5.000000,15.000000,2.183373,-2.816627,,,335.911011,-66.844963,179.611542,89.999840,50.000477,89.999954,435.847229,-66.880562,179.484680,-90.628883,79.980583,-90.635277,-0.175644,-0.475694,-0.928950,0.016970,2.144179,-0.413245,
feedback,0.156828,1786439422039,7,Ry,5.000000,15.000000,2.419051,-2.580949,,,335.911011,-66.844963,179.611542,89.999840,50.000477,89.999954,435.845703,-66.883224,179.480103,-90.683319,79.980522,-90.690895,-0.380920,-0.666057,-1.145420,0.011494,2.367694,-0.502745,
feedback,0.164988,1786439422048,7,Ry,5.000000,15.000000,2.906564,-2.093436,,,335.911011,-66.844963,179.611542,89.999840,50.000477,89.999954,435.842590,-66.886169,179.469360,-90.811516,79.980164,-90.821335,-0.317408,-0.258601,-1.196438,0.009276,2.854152,-0.551445,
feedback,0.173189,1786439422056,7,Ry,5.000000,15.000000,3.250875,-1.749125,,,335.911011,-66.844963,179.611542,89.999840,50.000477,89.999954,435.839783,-66.886932,179.460495,-90.955788,79.980347,-90.967758,-0.375177,-0.025326,-0.886556,0.048396,3.202444,-0.559108,
feedback,0.181257,1786439422065,7,Ry,5.000000,15.000000,3.644161,-1.355839,,,335.911011,-66.844963,179.611542,89.999840,50.000477,89.999954,435.836639,-66.889046,179.454742,-91.120293,79.980347,-91.135002,-0.181468,-0.114147,-0.212549,0.159614,3.583405,-0.663377,
feedback,0.189584,1786439422073,7,Ry,5.000000,15.000000,3.910541,-1.089459,,,335.911011,-66.844963,179.611542,89.999840,50.000477,89.999954,435.835510,-66.886749,179.457962,-91.295998,79.980507,-91.313255,-0.126154,0.344127,0.899300,0.125555,3.852545,-0.671088,
feedback,0.197764,1786439422082,7,Ry,5.000000,15.000000,4.346989,-0.653011,,,335.911011,-66.844963,179.611542,89.999840,50.000477,89.999954,435.829468,-66.881660,179.459152,-91.583893,79.979736,-91.604546,-0.652003,0.308901,-0.358228,-0.023735,4.299194,-0.651540,
feedback,0.205830,1786439422090,7,Ry,5.000000,15.000000,4.335585,-0.664415,,,335.911011,-66.844963,179.611542,89.999840,50.000477,89.999954,435.829559,-66.878845,179.462540,-91.778915,79.978912,-91.802055,-0.034375,0.145013,0.394495,0.029073,4.278949,-0.700613,
feedback,0.213952,1786439422098,7,Ry,5.000000,15.000000,4.676707,-0.323293,,,335.911011,-66.844963,179.611542,89.999840,50.000477,89.999954,435.828888,-66.876144,179.461288,-91.986694,79.977791,-92.012306,-0.161994,0.235194,-0.400153,-0.075103,4.620345,-0.728904,
feedback,0.222215,1786439422107,7,Ry,5.000000,15.000000,4.854100,-0.145900,,,335.911011,-66.844963,179.611542,89.999840,50.000477,89.999954,435.826111,-66.874107,179.459122,-92.206421,79.976196,-92.234436,-0.245930,0.386851,-0.157389,0.005623,4.803812,-0.710099,
feedback,0.230283,1786439422115,7,Ry,5.000000,15.000000,5.117461,0.117461,,,335.911011,-66.844963,179.611542,89.999840,50.000477,89.999954,435.822754,-66.871094,179.454071,-92.435738,79.973885,-92.466103,-0.515388,0.297904,-0.879576,-0.061325,5.066196,-0.738673,
feedback,0.239991,1786439422124,7,Ry,5.000000,15.000000,5.212810,0.212810,,,335.911011,-66.844963,179.611542,89.999840,50.000477,89.999954,435.820374,-66.865250,179.450073,-92.671013,79.972183,-92.703537,-0.304309,0.711352,-0.704582,0.071668,5.163833,-0.734184,
feedback,0.246707,1786439422132,7,Ry,5.000000,15.000000,5.311743,0.311743,,,335.911011,-66.844963,179.611542,89.999840,50.000477,89.999954,435.814178,-66.859795,179.446075,-92.911781,79.970406,-92.946533,-0.933394,0.641350,-0.365214,0.060466,5.261629,-0.749283,
feedback,0.255311,1786439422140,7,Ry,5.000000,15.000000,5.207022,0.207022,,,335.911011,-66.844963,179.611542,89.999840,50.000477,89.999954,435.811493,-66.853172,179.451920,-93.149300,79.968590,-93.186493,-0.092960,0.780883,1.064631,0.126250,5.148970,-0.785127,
feedback,0.265969,1786439422149,7,Ry,5.000000,15.000000,5.261764,0.261764,,,335.911011,-66.844963,179.611542,89.999840,50.000477,89.999954,435.816650,-66.844299,179.463364,-93.386597,79.965897,-93.426414,0.790922,0.785747,1.428637,-0.101373,5.187707,-0.880269,
feedback,0.271614,1786439422157,7,Ry,5.000000,15.000000,5.636337,0.636337,,,335.911011,-66.844963,179.611542,89.999840,50.000477,89.999954,435.819580,-66.840172,179.464706,-93.635994,79.962692,-93.679138,0.146298,0.343247,-0.433517,-0.119759,5.561627,-0.916771,
feedback,0.279739,1786439422166,7,Ry,5.000000,15.000000,5.999450,0.999450,,,335.911011,-66.844963,179.611542,89.999840,50.000477,89.999954,435.814178,-66.845169,179.451614,-94.027840,79.955444,-94.077110,-0.958611,-0.531956,-1.722161,-0.305130,5.915602,-1.000100,
feedback,0.288089,1786439422174,7,Ry,5.000000,15.000000,5.530350,0.530350,,,335.911011,-66.844963,179.611542,89.999840,50.000477,89.999954,435.809448,-66.844971,179.447693,-94.281494,79.950653,-94.334053,-0.527169,0.274610,-0.287892,-0.150393,5.468137,-0.836729,
feedback,0.296058,1786439422182,7,Ry,5.000000,15.000000,5.355963,0.355963,,,335.911011,-66.844963,179.611542,89.999840,50.000477,89.999954,435.809967,-66.842842,179.456528,-94.526070,79.946976,-94.582275,0.310376,0.310991,1.209201,-0.020669,5.276141,-0.921274,
feedback,0.304354,1786439422187,7,Ry,5.000000,15.000000,5.400961,0.400961,,,335.911011,-66.844963,179.611542,89.999840,50.000477,89.999954,435.818207,-66.840088,179.465851,-94.759750,79.943810,-94.819817,0.548068,0.191653,0.274658,-0.042476,5.321650,-0.922299,
feedback,0.312356,1786439422195,7,Ry,5.000000,15.000000,5.222975,0.222975,,,335.911011,-66.844963,179.611542,89.999840,50.000477,89.999954,435.821320,-66.839645,179.469086,-94.876930,79.941917,-94.938965,0.767889,0.108483,0.816336,-0.036000,5.137295,-0.942744,
feedback,0.321132,1786439422203,7,Ry,5.000000,15.000000,5.389647,0.389647,,,335.911011,-66.844963,179.611542,89.999840,50.000477,89.999954,435.823639,-66.838875,179.473404,-95.114990,79.938469,-95.180702,0.035383,-0.089309,0.244138,-0.006723,5.307348,-0.938262,
feedback,0.329092,1786439422212,7,Ry,5.000000,15.000000,5.324392,0.324392,,,335.911011,-66.844963,179.611542,89.999840,50.000477,89.999954,435.826874,-66.835381,179.480835,-95.353523,79.934677,-95.422363,0.405098,0.406360,1.003712,0.042335,5.254136,-0.864459,
feedback,0.336635,1786439422220,7,Ry,5.000000,15.000000,5.428498,0.428498,,,335.911011,-66.844963,179.611542,89.999840,50.000477,89.999954,435.833405,-66.830734,179.489029,-95.596199,79.930405,-95.668167,1.209168,0.735576,0.980878,-0.046648,5.358572,-0.871593,
feedback,0.344998,1786439422228,7,Ry,5.000000,15.000000,5.531708,0.531708,,,335.911011,-66.844963,179.611542,89.999840,50.000477,89.999954,435.841339,-66.825920,179.491699,-95.844345,79.925400,-95.919464,1.039756,0.575640,0.249887,-0.120905,5.463277,-0.872060,
feedback,0.353633,1786439422237,7,Ry,5.000000,15.000000,5.346469,0.346469,,,335.911011,-66.844963,179.611542,89.999840,50.000477,89.999954,435.850616,-66.821274,179.500504,-96.086784,79.920479,-96.165260,0.989321,0.601008,1.523695,-0.018639,5.278478,-0.853495,
feedback,0.361381,1786439422245,7,Ry,5.000000,15.000000,5.257253,0.257253,,,335.911011,-66.844963,179.611542,89.999840,50.000477,89.999954,435.855103,-66.821823,179.512009,-96.325310,79.916107,-96.408089,0.634080,-0.128015,1.824649,0.094924,5.158309,-1.021003,
feedback,0.369995,1786439422254,7,Ry,5.000000,15.000000,5.080986,0.080986,,,335.911011,-66.844963,179.611542,89.999840,50.000477,89.999954,435.869263,-66.823524,179.538788,-96.663971,79.910851,-96.754463,1.449728,-0.048481,1.894617,0.113104,4.973069,-1.056348,
feedback,0.377999,1786439422262,7,Ry,5.000000,15.000000,5.155091,0.155091,,,335.911011,-66.844963,179.611542,89.999840,50.000477,89.999954,435.881256,-66.823326,179.551758,-96.892349,79.906891,-96.987656,1.377751,-0.137266,1.582299,0.095948,5.044454,-1.078220,
feedback,0.386358,1786439422270,7,Ry,5.000000,15.000000,5.182464,0.182464,,,335.911011,-66.844963,179.611542,89.999840,50.000477,89.999954,435.895477,-66.820061,179.564346,-97.121132,79.902771,-97.220764,1.576243,0.342706,1.383543,0.088909,5.090215,-0.976534,
feedback,0.393911,1786439422279,7,Ry,5.000000,15.000000,5.550277,0.550277,,,335.911011,-66.844963,179.611542,89.999840,50.000477,89.999954,435.900757,-66.817932,179.565643,-97.369850,79.896935,-97.473221,0.581947,0.286938,0.389621,-0.027846,5.470757,-0.936589,
feedback,0.402239,1786439422287,7,Ry,5.000000,15.000000,5.570518,0.570518,,,335.911011,-66.844963,179.611542,89.999840,50.000477,89.999954,435.901947,-66.813965,179.570129,-97.615768,79.891205,-97.722038,-0.229967,0.676629,0.147832,-0.034610,5.523807,-0.752643,
feedback,0.411004,1786439422296,7,Ry,5.000000,15.000000,5.715572,0.715572,,,335.911011,-66.844963,179.611542,89.999840,50.000477,89.999954,435.899200,-66.807831,179.564468,-97.869278,79.883957,-97.977478,-0.259787,0.763986,-0.951571,-0.136558,5.667454,-0.773189,
feedback,0.418914,1786439422304,7,Ry,5.000000,15.000000,5.594995,0.594995,,,335.911011,-66.844963,179.611542,89.999840,50.000477,89.999954,435.895935,-66.805984,179.558365,-98.120399,79.876892,-98.231544,-0.364580,-0.023035,-0.663484,-0.082133,5.521697,-0.905207,
feedback,0.426949,1786439422312,7,Ry,5.000000,15.000000,5.294938,0.294938,,,335.911011,-66.844963,179.611542,89.999840,50.000477,89.999954,435.900330,-66.805008,179.560715,-98.358215,79.871010,-98.473129,0.737502,0.165973,0.511028,0.057268,5.211753,-0.935068,
feedback,0.435050,1786439422321,7,Ry,5.000000,15.000000,5.189248,0.189248,,,335.911011,-66.844963,179.611542,89.999840,50.000477,89.999954,435.907318,-66.807129,179.571930,-98.586868,79.865768,-98.706696,0.809592,-0.009594,1.245285,0.123722,5.091952,-1.005764,
feedback,0.443240,1786439422329,7,Ry,5.000000,15.000000,5.288593,0.288593,,,335.911011,-66.844963,179.611542,89.999840,50.000477,89.999954,435.913635,-66.807861,179.580582,-98.817787,79.860359,-98.942444,0.643537,-0.292617,0.924107,0.134098,5.175456,-1.104152,
feedback,0.454273,1786439422338,7,Ry,5.000000,15.000000,5.763017,0.763017,,,335.911011,-66.844963,179.611542,89.999840,50.000477,89.999954,435.911133,-66.810257,179.571762,-99.193451,79.851410,-99.324852,-0.525756,-0.058503,-1.049576,0.207007,5.672742,-1.016396,
feedback,0.459400,1786439422342,7,Ry,5.000000,15.000000,5.692136,0.692136,,,335.911011,-66.844963,179.611542,89.999840,50.000477,89.999954,435.908966,-66.809723,179.568680,-99.319901,79.848701,-99.453255,-0.545327,0.129997,-0.763766,0.239990,5.606631,-0.983217,
feedback,0.467895,1786439422350,7,Ry,5.000000,15.000000,5.888914,0.888914,,,335.911011,-66.844963,179.611542,89.999840,50.000477,89.999954,435.899414,-66.810249,179.563080,-99.574867,79.842514,-99.711945,-1.356050,-0.130382,-0.967256,0.129295,5.810043,-0.962763,
feedback,0.476397,1786439422359,7,Ry,5.000000,15.000000,5.594530,0.594530,,,335.911011,-66.844963,179.611542,89.999840,50.000477,89.999954,435.895081,-66.813385,179.562943,-99.823532,79.836395,-99.965157,-0.382386,-0.585510,0.135988,0.175048,5.486868,-1.100078,
feedback,0.484803,1786439422367,7,Ry,5.000000,15.000000,5.744174,0.744174,,,335.911011,-66.844963,179.611542,89.999840,50.000477,89.999954,435.891846,-66.825020,179.559708,-100.069275,79.829636,-100.216911,-0.511346,-1.715512,-0.877305,0.086794,5.610939,-1.257926,
feedback,0.492467,1786439422375,7,Ry,5.000000,15.000000,5.549278,0.549278,,,335.911011,-66.844963,179.611542,89.999840,50.000477,89.999954,435.886871,-66.839844,179.556320,-100.311424,79.822937,-100.465538,-0.665799,-1.707659,-0.403958,0.158036,5.412725,-1.259706,
feedback,0.500596,1786439422384,7,Ry,5.000000,15.000000,5.445015,0.445015,,,335.911011,-66.844963,179.611542,89.999840,50.000477,89.999954,435.882660,-66.846397,179.553543,-100.550751,79.816422,-100.710075,-0.479029,-0.664433,-0.303686,0.160333,5.333395,-1.109339,
feedback,0.509123,1786439422392,7,Ry,5.000000,15.000000,5.508613,0.508613,,,335.911011,-66.844963,179.611542,89.999840,50.000477,89.999954,435.875122,-66.851746,179.552551,-100.791756,79.809380,-100.955994,-1.143931,-0.649515,0.026366,0.143967,5.404966,-1.069723,
feedback,0.516488,1786439422401,7,Ry,5.000000,15.000000,5.687848,0.687848,,,335.911011,-66.844963,179.611542,89.999840,50.000477,89.999954,435.866211,-66.853020,179.548828,-101.038948,79.800682,-101.207245,-0.921406,-0.011735,-0.582052,-0.089297,5.602274,-0.982902,
feedback,0.524773,1786439422409,7,Ry,5.000000,15.000000,5.741007,0.741007,,,335.911011,-66.844963,179.611542,89.999840,50.000477,89.999954,435.863770,-66.851639,179.543030,-101.286957,79.790482,-101.458984,-0.281926,0.298287,-0.806783,-0.149171,5.668386,-0.914142,
feedback,0.533258,1786439422417,7,Ry,5.000000,15.000000,5.587391,0.587391,,,335.911011,-66.844963,179.611542,89.999840,50.000477,89.999954,435.861023,-66.849434,179.538254,-101.534454,79.781303,-101.710022,-0.371948,0.225962,-0.349448,0.026669,5.508953,-0.933727,
feedback,0.541481,1786439422426,7,Ry,5.000000,15.000000,5.516758,0.516758,,,335.911011,-66.844963,179.611542,89.999840,50.000477,89.999954,435.850891,-66.856178,179.534119,-101.904762,79.768806,-102.087135,-0.589527,-0.983956,0.413968,0.142183,5.401175,-1.138059,
feedback,0.549904,1786439422434,7,Ry,5.000000,15.000000,5.295306,0.295306,,,335.911011,-66.844963,179.611542,89.999840,50.000477,89.999954,435.848816,-66.863228,179.540298,-102.137024,79.761955,-102.324852,-0.101638,-0.947803,0.886833,0.257058,5.169709,-1.175465,
feedback,0.558736,1786439422442,7,Ry,5.000000,15.000000,5.141727,0.141727,,,335.911011,-66.844963,179.611542,89.999840,50.000477,89.999954,435.854156,-66.873222,179.551270,-102.361351,79.755699,-102.555931,0.983998,-1.235366,1.538751,0.326723,4.990386,-1.307936,
feedback,0.565867,1786439422451,7,Ry,5.000000,15.000000,5.270860,0.270860,,,335.911011,-66.844963,179.611542,89.999840,50.000477,89.999954,435.860596,-66.877411,179.563782,-102.588371,79.749130,-102.788727,0.766554,-0.531834,1.563932,0.279080,5.140662,-1.199397,
feedback,0.574952,1786439422459,7,Ry,5.000000,15.000000,5.387634,0.387634,,,335.911011,-66.844963,179.611542,89.999840,50.000477,89.999954,435.861420,-66.881485,179.573776,-102.821129,79.741570,-103.026657,0.121856,-0.562625,1.275423,0.206606,5.272549,-1.123949,
feedback,0.582160,1786439422468,7,Ry,5.000000,15.000000,5.530928,0.530928,,,335.911011,-66.844963,179.611542,89.999840,50.000477,89.999954,435.858978,-66.884262,179.579773,-103.059563,79.732780,-103.269684,-0.286042,-0.380082,0.725824,0.158547,5.429914,-1.056702,
feedback,0.590457,1786439422476,7,Ry,5.000000,15.000000,5.798574,0.798574,,,335.911011,-66.844963,179.611542,89.999840,50.000477,89.999954,435.858307,-66.885742,179.578522,-103.303436,79.723129,-103.517906,-0.178172,-0.252342,-0.631950,0.052442,5.705227,-1.036682,
feedback,0.598456,1786439422484,7,Ry,5.000000,15.000000,5.528984,0.528984,,,335.911011,-66.844963,179.611542,89.999840,50.000477,89.999954,435.864990,-66.885757,179.579102,-103.541153,79.713768,-103.759911,0.838943,-0.123385,0.023062,0.094364,5.429116,-1.050074,
feedback,0.606657,1786439422493,7,Ry,5.000000,15.000000,5.302914,0.302914,,,335.911011,-66.844963,179.611542,89.999840,50.000477,89.999954,435.876099,-66.883827,179.586731,-103.769234,79.704597,-103.992294,1.313302,0.161446,0.789092,0.086378,5.205950,-1.013834,
feedback,0.614578,1786439422497,7,Ry,5.000000,15.000000,5.158976,0.158976,,,335.911011,-66.844963,179.611542,89.999840,50.000477,89.999954,435.885651,-66.883049,179.596176,-103.991188,79.695641,-104.218796,1.198551,0.149296,1.342345,0.101588,5.061000,-1.006978,
feedback,0.623829,1786439422506,7,Ry,5.000000,15.000000,5.278705,0.278705,,,335.911011,-66.844963,179.611542,89.999840,50.000477,89.999954,435.893036,-66.880608,179.607452,-104.210136,79.686493,-104.441879,0.623564,0.235830,0.975362,0.054394,5.192105,-0.952939,
feedback,0.630834,1786439422514,7,Ry,5.000000,15.000000,5.360538,0.360538,,,335.911011,-66.844963,179.611542,89.999840,50.000477,89.999954,435.901489,-66.874382,179.611679,-104.437256,79.676735,-104.672195,0.942995,0.735157,0.224534,0.087011,5.290215,-0.867703,
feedback,0.639352,1786439422523,7,Ry,5.000000,15.000000,5.747123,0.747123,,,335.911011,-66.844963,179.611542,89.999840,50.000477,89.999954,435.907928,-66.868980,179.608948,-104.674263,79.666565,-104.912292,0.302586,0.507586,-1.012918,0.034325,5.683188,-0.865282,
feedback,0.647378,1786439422531,7,Ry,5.000000,15.000000,5.593586,0.593586,,,335.911011,-66.844963,179.611542,89.999840,50.000477,89.999954,435.915619,-66.863731,179.606659,-104.913956,79.655510,-105.155045,1.085768,0.702298,-0.145928,0.032007,5.525018,-0.878153,
feedback,0.656163,1786439422539,7,Ry,5.000000,15.000000,5.608478,0.608478,,,335.911011,-66.844963,179.611542,89.999840,50.000477,89.999954,435.919312,-66.859734,179.605804,-105.151382,79.643623,-105.395485,0.310360,0.338527,-0.071250,-0.042105,5.538060,-0.890000,
feedback,0.663915,1786439422548,7,Ry,5.000000,15.000000,5.622985,0.622985,,,335.911011,-66.844963,179.611542,89.999840,50.000477,89.999954,435.918610,-66.858505,179.605103,-105.387352,79.631386,-105.634773,-0.368902,0.220735,-0.315049,-0.103497,5.557866,-0.861221,
feedback,0.671983,1786439422556,7,Ry,5.000000,15.000000,5.232771,0.232771,,,335.911011,-66.844963,179.611542,89.999840,50.000477,89.999954,435.918488,-66.854134,179.606094,-105.616188,79.619705,-105.866447,0.671970,0.968062,0.884604,0.082524,5.176547,-0.776555,
feedback,0.680638,1786439422565,7,Ry,5.000000,15.000000,5.199358,0.199358,,,335.911011,-66.844963,179.611542,89.999840,50.000477,89.999954,435.923096,-66.847931,179.609909,-105.837227,79.607841,-106.090202,0.927175,0.824782,0.820168,-0.065146,5.137735,-0.804316,
feedback,0.688463,1786439422573,7,Ry,5.000000,15.000000,5.210107,0.210107,,,335.911011,-66.844963,179.611542,89.999840,50.000477,89.999954,435.929230,-66.843636,179.616287,-106.055992,79.595398,-106.312180,0.845420,0.600857,1.003292,-0.041361,5.143376,-0.834244,
feedback,0.696436,1786439422582,7,Ry,5.000000,15.000000,5.480486,0.480486,,,335.911011,-66.844963,179.611542,89.999840,50.000477,89.999954,435.934509,-66.839355,179.626953,-106.387405,79.574905,-106.648811,0.088131,0.101282,0.454973,-0.308696,5.397494,-0.950196,
feedback,0.704555,1786439422590,7,Ry,5.000000,15.000000,5.703983,0.703983,,,335.911011,-66.844963,179.611542,89.999840,50.000477,89.999954,435.932220,-66.837364,179.621994,-106.620964,79.559410,-106.885559,-0.396927,0.267238,-0.847348,-0.318353,5.640607,-0.858469,
feedback,0.712752,1786439422598,7,Ry,5.000000,15.000000,6.106445,1.106445,,,335.911011,-66.844963,179.611542,89.999840,50.000477,89.999954,435.922577,-66.838524,179.607010,-106.862228,79.543091,-107.130005,-2.078801,-0.428359,-2.486489,-0.356808,6.038577,-0.919165,
feedback,0.720778,1786439422607,7,Ry,5.000000,15.000000,5.871096,0.871096,,,335.911011,-66.844963,179.611542,89.999840,50.000477,89.999954,435.912689,-66.838242,179.593979,-107.102425,79.527397,-107.372971,-1.236534,-0.017827,-1.729324,-0.284983,5.809052,-0.865541,
feedback,0.728962,1786439422615,7,Ry,5.000000,15.000000,5.673857,0.673857,,,335.911011,-66.844963,179.611542,89.999840,50.000477,89.999954,435.908813,-66.837822,179.588150,-107.332077,79.513039,-107.605934,-0.667035,-0.154614,-0.744354,-0.169363,5.597150,-0.931418,
feedback,0.737021,1786439422624,7,Ry,5.000000,15.000000,5.353536,0.353536,,,335.911011,-66.844963,179.611542,89.999840,50.000477,89.999954,435.903961,-66.841354,179.589859,-107.552727,79.499458,-107.830589,-0.730663,-0.654357,0.469262,-0.101477,5.262317,-0.985646,
feedback,0.745438,1786439422632,7,Ry,5.000000,15.000000,5.318118,0.318118,,,335.911011,-66.844963,179.611542,89.999840,50.000477,89.999954,435.902161,-66.842827,179.594254,-107.769440,79.486290,-108.050980,-0.384358,-0.124228,0.242106,-0.065838,5.242829,-0.892265,
feedback,0.753514,1786439422636,7,Ry,5.000000,15.000000,5.449205,0.449205,,,335.911011,-66.844963,179.611542,89.999840,50.000477,89.999954,435.900055,-66.843025,179.592804,-107.880920,79.479271,-108.164047,-0.529582,-0.051658,-0.354555,-0.087282,5.380474,-0.866571,
feedback,0.761750,1786439422645,7,Ry,5.000000,15.000000,5.701261,0.701261,,,335.911011,-66.844963,179.611542,89.999840,50.000477,89.999954,435.892151,-66.846474,179.585251,-108.110802,79.464127,-108.397552,-1.077994,-0.106101,-1.058085,-0.128851,5.634596,-0.876928,
feedback,0.769739,1786439422653,7,Ry,5.000000,15.000000,5.689182,0.689182,,,335.911011,-66.844963,179.611542,89.999840,50.000477,89.999954,435.882782,-66.844971,179.577332,-108.343376,79.448334,-108.632675,-0.951612,0.348396,-0.815123,-0.177478,5.634704,-0.806803,
feedback,0.777937,1786439422662,7,Ry,5.000000,15.000000,5.529458,0.529458,,,335.911011,-66.844963,179.611542,89.999840,50.000477,89.999954,435.880981,-66.838707,179.579407,-108.684540,79.426338,-108.977814,-0.212099,0.718421,0.432161,-0.011954,5.483087,-0.746972,
feedback,0.786290,1786439422670,7,Ry,5.000000,15.000000,5.586536,0.586536,,,335.911011,-66.844963,179.611542,89.999840,50.000477,89.999954,435.875122,-66.838043,179.577774,-108.911804,79.411140,-109.207962,-0.740588,0.037423,-0.268747,-0.133482,5.521308,-0.858707,
feedback,0.794505,1786439422679,7,Ry,5.000000,15.000000,5.548030,0.548030,,,335.911011,-66.844963,179.611542,89.999840,50.000477,89.999954,435.867401,-66.844727,179.573578,-109.135941,79.396065,-109.436600,-1.056275,-0.979380,-0.321919,-0.080568,5.445251,-1.068098,
feedback,0.802406,1786439422687,7,Ry,5.000000,15.000000,5.266774,0.266774,,,335.911011,-66.844963,179.611542,89.999840,50.000477,89.999954,435.864349,-66.851425,179.574921,-109.350830,79.381905,-109.656708,-0.142672,-0.516686,0.411718,0.016984,5.161734,-1.056334,
feedback,0.810594,1786439422695,7,Ry,5.000000,15.000000,5.184277,0.184277,,,335.911011,-66.844963,179.611542,89.999840,50.000477,89.999954,435.867279,-66.854248,179.584503,-109.561127,79.368347,-109.871941,0.757957,-0.122062,1.404726,0.068182,5.082303,-1.031762,
feedback,0.819175,1786439422704,7,Ry,5.000000,15.000000,5.264137,0.264137,,,335.911011,-66.844963,179.611542,89.999840,50.000477,89.999954,435.872803,-66.851875,179.595505,-109.772331,79.354347,-110.087029,0.911384,0.236828,1.547025,-0.014535,5.174685,-0.967789,
feedback,0.827316,1786439422712,7,Ry,5.000000,15.000000,5.566554,0.566554,,,335.911011,-66.844963,179.611542,89.999840,50.000477,89.999954,435.874207,-66.847603,179.597427,-109.992783,79.338829,-110.310570,0.055024,0.757928,-0.064421,-0.078681,5.510230,-0.806598,
feedback,0.835343,1786439422721,7,Ry,5.000000,15.000000,5.538977,0.538977,,,335.911011,-66.844963,179.611542,89.999840,50.000477,89.999954,435.874603,-66.839195,179.593704,-110.215904,79.322678,-110.535767,0.228520,1.185350,-0.335974,-0.072055,5.497737,-0.718746,
feedback,0.843620,1786439422729,7,Ry,5.000000,15.000000,5.657196,0.657196,,,335.911011,-66.844963,179.611542,89.999840,50.000477,89.999954,435.874298,-66.833496,179.586990,-110.444458,79.305779,-110.766953,0.042553,0.704477,-0.613818,-0.062735,5.600064,-0.819128,
feedback,0.851703,1786439422738,7,Ry,5.000000,15.000000,5.324705,0.324705,,,335.911011,-66.844963,179.611542,89.999840,50.000477,89.999954,435.884552,-66.821136,179.587753,-110.770348,79.282623,-111.095963,1.013416,1.035798,0.552549,0.032854,5.281588,-0.710708,
feedback,0.860276,1786439422746,7,Ry,5.000000,15.000000,5.115190,0.115190,,,335.911011,-66.844963,179.611542,89.999840,50.000477,89.999954,435.893188,-66.818413,179.598450,-110.978249,79.270004,-111.307510,1.028434,0.140737,1.552243,0.327939,5.024799,-0.960423,
feedback,0.867988,1786439422750,7,Ry,5.000000,15.000000,5.091405,0.091405,,,335.911011,-66.844963,179.611542,89.999840,50.000477,89.999954,435.897156,-66.816856,179.604507,-111.081154,79.264046,-111.412384,0.991716,0.388115,1.522805,0.358762,5.003859,-0.942255,
feedback,0.876335,1786439422759,7,Ry,5.000000,15.000000,5.273654,0.273654,,,335.911011,-66.844963,179.611542,89.999840,50.000477,89.999954,435.905548,-66.812546,179.612457,-111.289864,79.251213,-111.624763,1.057848,0.580606,0.604907,0.271406,5.193841,-0.914310,
feedback,0.885285,1786439422767,7,Ry,5.000000,15.000000,5.411212,0.411212,,,335.911011,-66.844963,179.611542,89.999840,50.000477,89.999954,435.914459,-66.808937,179.616058,-111.504547,79.237396,-111.843193,0.871792,0.423927,0.424092,0.247682,5.330602,-0.930844,
feedback,0.892679,1786439422776,7,Ry,5.000000,15.000000,5.611562,0.611562,,,335.911011,-66.844963,179.611542,89.999840,50.000477,89.999954,435.922791,-66.805099,179.615311,-111.723618,79.222198,-112.066322,0.908728,0.663933,-0.361550,0.156755,5.531640,-0.944381,
feedback,0.900591,1786439422784,7,Ry,5.000000,15.000000,5.677358,0.677358,,,335.911011,-66.844963,179.611542,89.999840,50.000477,89.999954,435.928070,-66.805145,179.611938,-111.945740,79.206284,-112.293083,0.500172,-0.134470,-0.451147,0.108441,5.575544,-1.074189,
feedback,0.910269,1786439422793,7,Ry,5.000000,15.000000,5.657161,0.657161,,,335.911011,-66.844963,179.611542,89.999840,50.000477,89.999954,435.929291,-66.806534,179.609756,-112.166702,79.190239,-112.518433,-0.062958,-0.260542,-0.435132,0.109084,5.563311,-1.027271,
feedback,0.917021,1786439422801,7,Ry,5.000000,15.000000,5.661121,0.661121,,,335.911011,-66.844963,179.611542,89.999840,50.000477,89.999954,435.926941,-66.811325,179.605576,-112.386223,79.173981,-112.742790,-0.507288,-0.731638,-0.622992,0.092613,5.555163,-1.096256,
feedback,0.925706,1786439422809,7,Ry,5.000000,15.000000,5.296027,0.296027,,,335.911011,-66.844963,179.611542,89.999840,50.000477,89.999954,435.929504,-66.817841,179.607040,-112.593674,79.157867,-112.955734,0.927091,-0.815595,0.538586,0.021710,5.168417,-1.187033,
feedback,0.933829,1786439422818,7,Ry,5.000000,15.000000,5.278911,0.278911,,,335.911011,-66.844963,179.611542,89.999840,50.000477,89.999954,435.938293,-66.823395,179.614105,-112.899704,79.135033,-113.269463,0.618305,-0.626752,0.724454,0.229564,5.158960,-1.142225,
feedback,0.942024,1786439422826,7,Ry,5.000000,15.000000,5.299737,0.299737,,,335.911011,-66.844963,179.611542,89.999840,50.000477,89.999954,435.942413,-66.825150,179.620132,-113.104584,79.120293,-113.479370,0.139387,-0.299599,0.600307,0.265045,5.190147,-1.085288,
feedback,0.950185,1786439422835,7,Ry,5.000000,15.000000,5.465204,0.465204,,,335.911011,-66.844963,179.611542,89.999840,50.000477,89.999954,435.942383,-66.826004,179.620758,-113.318413,79.104187,-113.697777,-0.178743,-0.049658,0.138714,0.208297,5.366385,-1.038648,
feedback,0.958491,1786439422843,7,Ry,5.000000,15.000000,5.837667,0.837667,,,335.911011,-66.844963,179.611542,89.999840,50.000477,89.999954,435.935791,-66.826965,179.610657,-113.543892,79.085999,-113.927254,-0.915826,-0.315143,-1.265100,0.097851,5.746628,-1.027062,
feedback,0.966345,1786439422852,7,Ry,5.000000,15.000000,5.765453,0.765453,,,335.911011,-66.844963,179.611542,89.999840,50.000477,89.999954,435.924316,-66.830215,179.598770,-113.767204,79.068077,-114.154610,-1.406368,-0.337582,-1.363216,0.140941,5.681198,-0.982261,
feedback,0.974669,1786439422860,7,Ry,5.000000,15.000000,5.610737,0.610737,,,335.911011,-66.844963,179.611542,89.999840,50.000477,89.999954,435.916870,-66.835960,179.590027,-113.987213,79.050072,-114.379288,-0.652279,-0.618991,-0.600432,0.142421,5.509976,-1.062394,
feedback,0.982317,1786439422868,7,Ry,5.000000,15.000000,5.551535,0.551535,,,335.911011,-66.844963,179.611542,89.999840,50.000477,89.999954,435.909668,-66.845894,179.581848,-114.202316,79.031921,-114.599564,-0.684698,-1.208555,-0.622950,0.089322,5.438530,-1.126687,
feedback,0.990676,1786439422877,7,Ry,5.000000,15.000000,5.401754,0.401754,,,335.911011,-66.844963,179.611542,89.999840,50.000477,89.999954,435.904053,-66.858521,179.582108,-114.406044,79.014893,-114.808914,-0.764909,-1.407048,0.096785,0.091994,5.289254,-1.110723,
feedback,0.998544,1786439422881,7,Ry,5.000000,15.000000,5.213854,0.213854,,,335.911011,-66.844963,179.611542,89.999840,50.000477,89.999954,435.904480,-66.863037,179.587875,-114.504478,79.006966,-114.910187,0.100242,-1.131700,1.449530,0.172550,5.089550,-1.161269,
feedback,1.009143,1786439422890,7,Ry,5.000000,15.000000,5.726363,0.726363,,,335.911011,-66.844963,179.611542,89.999840,50.000477,89.999954,435.891235,-66.873199,179.583710,-114.815140,78.980064,-115.228195,-1.827938,-0.643523,-1.134128,-0.002962,5.631417,-1.039500,
feedback,1.015020,1786439422898,7,Ry,5.000000,15.000000,5.731884,0.731884,,,335.911011,-66.844963,179.611542,89.999840,50.000477,89.999954,435.886749,-66.872627,179.577896,-115.027260,78.961044,-115.444214,-0.586134,-0.014136,-0.743824,-0.007895,5.644031,-0.999721,
feedback,1.022981,1786439422907,7,Ry,5.000000,15.000000,5.703852,0.703852,,,335.911011,-66.844963,179.611542,89.999840,50.000477,89.999954,435.884674,-66.872910,179.574799,-115.236183,78.941414,-115.657692,-0.422859,-0.237471,-0.543660,-0.058028,5.602861,-1.071868,
feedback,1.031201,1786439422915,7,Ry,5.000000,15.000000,5.723159,0.723159,,,335.911011,-66.844963,179.611542,89.999840,50.000477,89.999954,435.878235,-66.874893,179.569855,-115.448296,78.921944,-115.874168,-0.814347,-0.251865,-0.528884,0.031582,5.628052,-1.040118,
feedback,1.039446,1786439422923,7,Ry,5.000000,15.000000,5.657188,0.657188,,,335.911011,-66.844963,179.611542,89.999840,50.000477,89.999954,435.869385,-66.880157,179.565903,-115.657181,78.902122,-116.087730,-1.163832,-0.696131,-0.446273,-0.075054,5.557882,-1.058239,
feedback,1.047757,1786439422932,7,Ry,5.000000,15.000000,5.410679,0.410679,,,335.911011,-66.844963,179.611542,89.999840,50.000477,89.999954,435.863678,-66.884697,179.565140,-115.857140,78.882751,-116.292572,-0.409786,-0.379741,0.198037,-0.021676,5.307671,-1.057674,
feedback,1.055824,1786439422940,7,Ry,5.000000,15.000000,5.220811,0.220811,,,335.911011,-66.844963,179.611542,89.999840,50.000477,89.999954,435.867401,-66.883583,179.570572,-116.049950,78.864540,-116.489624,0.713408,0.089771,0.978333,-0.014060,5.126320,-0.992728,
feedback,1.064135,1786439422948,7,Ry,5.000000,15.000000,5.139156,0.139156,,,335.911011,-66.844963,179.611542,89.999840,50.000477,89.999954,435.874695,-66.881592,179.582153,-116.237869,78.846947,-116.681702,0.918183,0.188871,1.575295,0.019141,5.047913,-0.967134,
feedback,1.072468,1786439422957,7,Ry,5.000000,15.000000,5.341169,0.341169,,,335.911011,-66.844963,179.611542,89.999840,50.000477,89.999954,435.878326,-66.881691,179.593079,-116.427032,78.827446,-116.875244,0.365549,-0.157466,1.231080,-0.159141,5.243691,-1.020330,
feedback,1.080415,1786439422965,7,Ry,5.000000,15.000000,5.451134,0.451134,,,335.911011,-66.844963,179.611542,89.999840,50.000477,89.999954,435.881683,-66.877968,179.602386,-116.620422,78.807068,-117.072144,0.281725,0.227205,1.045905,-0.100968,5.366955,-0.954405,
feedback,1.088703,1786439422973,7,Ry,5.000000,15.000000,5.536057,0.536057,,,335.911011,-66.844963,179.611542,89.999840,50.000477,89.999954,435.889648,-66.875191,179.612015,-116.912773,78.775955,-117.370102,0.747218,0.315906,0.371304,-0.199528,5.461252,-0.908716,
feedback,1.096839,1786439422982,7,Ry,5.000000,15.000000,5.532324,0.532324,,,335.911011,-66.844963,179.611542,89.999840,50.000477,89.999954,435.894409,-66.874634,179.613495,-117.106720,78.753738,-117.567764,0.427840,0.197038,0.106391,-0.257857,5.463035,-0.877151,
feedback,1.104701,1786439422990,7,Ry,5.000000,15.000000,5.435119,0.435119,,,335.911011,-66.844963,179.611542,89.999840,50.000477,89.999954,435.895782,-66.875153,179.615082,-117.298477,78.732391,-117.763138,0.064627,-0.132545,0.232693,-0.180755,5.356123,-0.923654,
feedback,1.112987,1786439422999,7,Ry,5.000000,15.000000,5.362625,0.362625,,,335.911011,-66.844963,179.611542,89.999840,50.000477,89.999954,435.898529,-66.875679,179.617859,-117.487007,78.711990,-117.955536,0.300786,-0.036335,0.206219,-0.097704,5.282527,-0.923501,
feedback,1.121188,1786439423007,7,Ry,5.000000,15.000000,5.104136,0.104136,,,335.911011,-66.844963,179.611542,89.999840,50.000477,89.999954,435.911072,-66.872498,179.628403,-117.668938,78.693237,-118.141518,1.559863,0.443562,1.444409,0.006740,5.018220,-0.933804,
feedback,1.130003,1786439423015,7,Ry,5.000000,15.000000,5.185680,0.185680,,,335.911011,-66.844963,179.611542,89.999840,50.000477,89.999954,435.924622,-66.864944,179.640350,-117.851784,78.673904,-118.327599,1.744945,0.849925,1.532355,-0.023503,5.109303,-0.886861,
feedback,1.137403,1786439423024,7,Ry,5.000000,15.000000,5.473308,0.473308,,,335.911011,-66.844963,179.611542,89.999840,50.000477,89.999954,435.931366,-66.857719,179.643616,-118.042976,78.652771,-118.521492,0.794346,0.944499,0.284887,-0.078886,5.418693,-0.788651,
feedback,1.145694,1786439423032,7,Ry,5.000000,15.000000,5.640200,0.640200,,,335.911011,-66.844963,179.611542,89.999840,50.000477,89.999954,435.931274,-66.852005,179.638855,-118.239510,78.630280,-118.720253,0.014988,0.858223,-0.547915,-0.165507,5.596945,-0.738880,
feedback,1.154029,1786439423041,7,Ry,5.000000,15.000000,5.578161,0.578161,,,335.911011,-66.844963,179.611542,89.999840,50.000477,89.999954,435.929291,-66.849274,179.633896,-118.435394,78.607452,-118.918839,-0.051810,0.250314,-0.304650,-0.158853,5.517027,-0.834827,
feedback,1.162150,1786439423045,7,Ry,5.000000,15.000000,5.815624,0.815624,,,335.911011,-66.844963,179.611542,89.999840,50.000477,89.999954,435.926788,-66.849663,179.629745,-118.535271,78.595612,-119.020233,-0.636935,-0.099219,-1.029360,-0.201178,5.751437,-0.872931,
feedback,1.170274,1786439423053,7,Ry,5.000000,15.000000,5.424448,0.424448,,,335.911011,-66.844963,179.611542,89.999840,50.000477,89.999954,435.930695,-66.849823,179.626892,-118.821678,78.562729,-119.311836,0.452207,-0.069767,0.171416,-0.052568,5.342558,-0.939012,
feedback,1.178319,1786439423062,7,Ry,5.000000,15.000000,5.375970,0.375970,,,335.911011,-66.844963,179.611542,89.999840,50.000477,89.999954,435.931915,-66.851578,179.627045,-119.006981,78.541718,-119.501282,0.081701,-0.133611,-0.000620,-0.079251,5.287716,-0.970848,
feedback,1.186609,1786439423070,7,Ry,5.000000,15.000000,5.187258,0.187258,,,335.911011,-66.844963,179.611542,89.999840,50.000477,89.999954,435.932068,-66.851173,179.629852,-119.187767,78.521156,-119.685921,0.165399,0.131559,0.588754,0.047496,5.103162,-0.930733,
feedback,1.195628,1786439423079,7,Ry,5.000000,15.000000,5.529530,0.529530,,,335.911011,-66.844963,179.611542,89.999840,50.000477,89.999954,435.925568,-66.851059,179.625732,-119.376785,78.498512,-119.878235,-0.836008,0.141940,-0.438689,-0.101205,5.465687,-0.845936,
feedback,1.202869,1786439423087,7,Ry,5.000000,15.000000,5.608817,0.608817,,,335.911011,-66.844963,179.611542,89.999840,50.000477,89.999954,435.919678,-66.849342,179.622223,-119.565247,78.476013,-120.069695,-0.844599,0.256151,-0.456101,-0.079682,5.549971,-0.824555,
feedback,1.211279,1786439423095,7,Ry,5.000000,15.000000,5.461918,0.461918,,,335.911011,-66.844963,179.611542,89.999840,50.000477,89.999954,435.917206,-66.845810,179.621429,-119.755417,78.453049,-120.262672,0.274910,0.345289,0.317161,-0.042410,5.391036,-0.879906,
feedback,1.219593,1786439423104,7,Ry,5.000000,15.000000,5.659305,0.659305,,,335.911011,-66.844963,179.611542,89.999840,50.000477,89.999954,435.911621,-66.844414,179.616226,-119.949089,78.428940,-120.459259,-0.414891,0.201466,-0.309308,-0.141217,5.594262,-0.864090,
feedback,1.227459,1786439423112,7,Ry,5.000000,15.000000,5.671862,0.671862,,,335.911011,-66.844963,179.611542,89.999840,50.000477,89.999954,435.905182,-66.844452,179.611893,-120.139122,78.405487,-120.652351,-0.946274,-0.079200,-0.692270,-0.101858,5.607228,-0.862878,
feedback,1.235547,1786439423121,7,Ry,5.000000,15.000000,5.636220,0.636220,,,335.911011,-66.844963,179.611542,89.999840,50.000477,89.999954,435.896576,-66.845146,179.603134,-120.328651,78.382057,-120.844849,-1.122956,-0.067437,-1.323092,-0.084318,5.574298,-0.844394,
feedback,1.243982,1786439423129,7,Ry,5.000000,15.000000,5.620570,0.620570,,,335.911011,-66.844963,179.611542,89.999840,50.000477,89.999954,435.883270,-66.845238,179.593201,-120.515884,78.359146,-121.034637,-1.774563,0.146251,-1.609078,-0.036497,5.575532,-0.747386,
feedback,1.252274,1786439423138,7,Ry,5.000000,15.000000,5.379262,0.379262,,,335.911011,-66.844963,179.611542,89.999840,50.000477,89.999954,435.881653,-66.839890,179.591156,-120.789062,78.327522,-121.312256,0.278665,0.473375,-0.005928,0.224936,5.303680,-0.899436,
feedback,1.260304,1786439423146,7,Ry,5.000000,15.000000,5.621882,0.621882,,,335.911011,-66.844963,179.611542,89.999840,50.000477,89.999954,435.882782,-66.838730,179.586975,-120.977005,78.306274,-121.504166,-0.168052,-0.156850,-0.804408,0.182907,5.528526,-1.021366,
feedback,1.268891,1786439423155,7,Ry,5.000000,15.000000,5.798798,0.798798,,,335.911011,-66.844963,179.611542,89.999840,50.000477,89.999954,435.877014,-66.837746,179.578476,-121.170654,78.283524,-121.700928,-0.900154,0.183473,-1.152385,0.132577,5.735611,-0.865851,
feedback,1.276756,1786439423163,7,Ry,5.000000,15.000000,5.727125,0.727125,,,335.911011,-66.844963,179.611542,89.999840,50.000477,89.999954,435.867554,-66.833748,179.572052,-121.364120,78.260445,-121.896622,-1.278589,0.308239,-0.713935,0.139169,5.670071,-0.824829,
feedback,1.285006,1786439423171,7,Ry,5.000000,15.000000,5.691297,0.691297,,,335.911011,-66.844963,179.611542,89.999840,50.000477,89.999954,435.861603,-66.835159,179.565842,-121.554031,78.236862,-122.090500,-0.342582,-0.124843,-0.557543,0.028162,5.599347,-1.019408,
feedback,1.293170,1786439423176,7,Ry,5.000000,15.000000,5.663293,0.663293,,,335.911011,-66.844963,179.611542,89.999840,50.000477,89.999954,435.862183,-66.834862,179.563034,-121.646904,78.225105,-122.185448,0.142234,0.072271,-0.693175,0.030114,5.573324,-1.005726,
feedback,1.301249,1786439423184,7,Ry,5.000000,15.000000,5.436931,0.436931,,,335.911011,-66.844963,179.611542,89.999840,50.000477,89.999954,435.865601,-66.835579,179.564041,-121.826843,78.202805,-122.369896,0.303832,0.036361,0.096631,0.083617,5.344802,-0.998203,
feedback,1.309979,1786439423193,7,Ry,5.000000,15.000000,5.351121,0.351121,,,335.911011,-66.844963,179.611542,89.999840,50.000477,89.999954,435.868225,-66.836815,179.565323,-122.002525,78.181107,-122.549942,0.271895,-0.070168,0.047319,0.108626,5.261135,-0.978562,
feedback,1.317441,1786439423201,7,Ry,5.000000,15.000000,5.225866,0.225866,,,335.911011,-66.844963,179.611542,89.999840,50.000477,89.999954,435.874268,-66.836128,179.571381,-122.173279,78.159386,-122.725029,1.061033,0.120683,0.962925,0.047376,5.129568,-1.003345,
feedback,1.325817,1786439423209,7,Ry,5.000000,15.000000,5.194629,0.194629,,,335.911011,-66.844963,179.611542,89.999840,50.000477,89.999954,435.885254,-66.829842,179.582779,-122.343445,78.138283,-122.898689,1.440906,0.812529,1.537422,0.173447,5.115895,-0.901103,
feedback,1.333810,1786439423218,7,Ry,5.000000,15.000000,5.669903,0.669903,,,335.911011,-66.844963,179.611542,89.999840,50.000477,89.999954,435.894104,-66.822296,179.592560,-122.609612,78.104538,-123.169724,-0.280365,0.478044,-0.194718,0.042266,5.607355,-0.850801,
feedback,1.342165,1786439423226,7,Ry,5.000000,15.000000,5.536725,0.536725,,,335.911011,-66.844963,179.611542,89.999840,50.000477,89.999954,435.896149,-66.812706,179.596664,-122.790207,78.081856,-123.352173,-0.039987,1.275528,0.278756,0.185386,5.507410,-0.650744,
feedback,1.350487,1786439423234,7,Ry,5.000000,15.000000,5.426635,0.426635,,,335.911011,-66.844963,179.611542,89.999840,50.000477,89.999954,435.900330,-66.807205,179.603058,-122.969284,78.059647,-123.533989,0.631176,0.464631,0.978734,0.241759,5.357471,-0.867227,
feedback,1.358850,1786439423243,7,Ry,5.000000,15.000000,5.075134,0.075134,,,335.911011,-66.844963,179.611542,89.999840,50.000477,89.999954,435.912994,-66.802849,179.616699,-123.142052,78.038918,-123.710411,2.090275,0.618362,2.434796,0.404824,4.987197,-0.943169,
feedback,1.366453,1786439423251,7,Ry,5.000000,15.000000,4.980539,-0.019461,,,335.911011,-66.844963,179.611542,89.999840,50.000477,89.999954,435.931061,-66.800583,179.636749,-123.307098,78.019501,-123.880211,2.288996,0.268381,2.540488,0.325112,4.873725,-1.041957,
feedback,1.374877,1786439423260,7,Ry,5.000000,15.000000,4.976033,-0.023967,,,335.911011,-66.844963,179.611542,89.999840,50.000477,89.999954,435.942017,-66.799301,179.653839,-123.470116,77.999199,-124.047859,1.651450,0.488138,2.390469,0.274573,4.880762,-0.975985,
feedback,1.382718,1786439423268,7,Ry,5.000000,15.000000,5.264767,0.264767,,,335.911011,-66.844963,179.611542,89.999840,50.000477,89.999954,435.946533,-66.796509,179.662964,-123.637062,77.977654,-124.218803,0.235948,0.151662,0.892582,0.190553,5.173457,-0.978665,
feedback,1.391934,1786439423276,7,Ry,5.000000,15.000000,5.675680,0.675680,,,335.911011,-66.844963,179.611542,89.999840,50.000477,89.999954,435.948120,-66.797180,179.665634,-123.808144,77.954231,-124.394310,-0.553452,-0.480032,-0.382281,-0.025757,5.578867,-1.045682,
feedback,1.399329,1786439423285,7,Ry,5.000000,15.000000,5.614611,0.614611,,,335.911011,-66.844963,179.611542,89.999840,50.000477,89.999954,435.949249,-66.800446,179.664185,-123.982124,77.929016,-124.572998,0.231895,-0.349218,-0.091447,-0.022925,5.512097,-1.072729,
feedback,1.407614,1786439423294,7,Ry,5.000000,15.000000,5.881612,0.881612,,,335.911011,-66.844963,179.611542,89.999840,50.000477,89.999954,435.949585,-66.803650,179.660751,-124.156898,77.903290,-124.752434,-0.204982,-0.365034,-1.023292,-0.090200,5.786154,-1.055952,
feedback,1.415587,1786439423302,7,Ry,5.000000,15.000000,5.792618,0.792618,,,335.911011,-66.844963,179.611542,89.999840,50.000477,89.999954,435.940826,-66.813850,179.644287,-124.423538,77.863548,-125.026291,-0.865150,-0.948638,-1.389277,-0.027024,5.686236,-1.110240,
feedback,1.423815,1786439423310,7,Ry,5.000000,15.000000,5.643042,0.643042,,,335.911011,-66.844963,179.611542,89.999840,50.000477,89.999954,435.932526,-66.819191,179.636276,-124.594772,77.837219,-125.201950,-1.212325,-0.759970,-0.898877,-0.078766,5.543391,-1.058925,
feedback,1.431932,1786439423319,7,Ry,5.000000,15.000000,5.428644,0.428644,,,335.911011,-66.844963,179.611542,89.999840,50.000477,89.999954,435.925232,-66.824249,179.635056,-124.759537,77.811958,-125.371490,-0.662568,-0.780396,0.132330,-0.059587,5.320465,-1.088619,
feedback,1.441186,1786439423323,7,Ry,5.000000,15.000000,5.271716,0.271716,,,335.911011,-66.844963,179.611542,89.999840,50.000477,89.999954,435.925507,-66.824440,179.637329,-124.839500,77.799973,-125.453636,0.056981,-0.048411,0.576424,0.004521,5.177590,-0.995127,
feedback,1.448393,1786439423331,7,Ry,5.000000,15.000000,5.380877,0.380877,,,335.911011,-66.844963,179.611542,89.999840,50.000477,89.999954,435.928619,-66.825737,179.641083,-124.999649,77.775627,-125.618256,0.340482,-0.105185,0.162039,-0.099669,5.292161,-0.973930,
feedback,1.456559,1786439423340,7,Ry,5.000000,15.000000,5.599582,0.599582,,,335.911011,-66.844963,179.611542,89.999840,50.000477,89.999954,435.927338,-66.828392,179.639801,-125.163200,77.749382,-125.786201,-0.238189,-0.444629,-0.382517,-0.202740,5.506217,-1.019436,
feedback,1.464643,1786439423348,7,Ry,5.000000,15.000000,5.844998,0.844998,,,335.911011,-66.844963,179.611542,89.999840,50.000477,89.999954,435.919342,-66.837234,179.631332,-125.330704,77.721077,-125.958702,-1.352990,-1.279243,-1.368473,-0.331726,5.740575,-1.103664,
feedback,1.472790,1786439423357,7,Ry,5.000000,15.000000,6.126342,1.126342,,,335.911011,-66.844963,179.611542,89.999840,50.000477,89.999954,435.902130,-66.847733,179.613617,-125.502495,77.690941,-126.135117,-2.837717,-1.547269,-2.764848,-0.453042,6.037581,-1.039374,
feedback,1.481100,1786439423365,7,Ry,5.000000,15.000000,5.811135,0.811135,,,335.911011,-66.844963,179.611542,89.999840,50.000477,89.999954,435.889557,-66.853432,179.601151,-125.669983,77.660957,-126.306740,-1.100626,-0.625661,-1.113317,-0.350467,5.719529,-1.027943,
feedback,1.489113,1786439423373,7,Ry,5.000000,15.000000,5.543727,0.543727,,,335.911011,-66.844963,179.611542,89.999840,50.000477,89.999954,435.881073,-66.860344,179.594330,-125.912460,77.619102,-126.555840,-0.661416,-0.533825,-0.291733,-0.178650,5.450615,-1.013088,
feedback,1.497570,1786439423382,7,Ry,5.000000,15.000000,5.389283,0.389283,,,335.911011,-66.844963,179.611542,89.999840,50.000477,89.999954,435.876831,-66.861122,179.592239,-126.070061,77.592491,-126.717110,-0.387764,-0.128916,0.018434,-0.097020,5.308579,-0.929203,
feedback,1.507173,1786439423390,7,Ry,5.000000,15.000000,5.315689,0.315689,,,335.911011,-66.844963,179.611542,89.999840,50.000477,89.999954,435.874359,-66.862968,179.590836,-126.224899,77.566521,-126.876022,-0.072083,-0.113568,0.117585,-0.092619,5.227962,-0.962587,
feedback,1.514307,1786439423399,7,Ry,5.000000,15.000000,5.435175,0.435175,,,335.911011,-66.844963,179.611542,89.999840,50.000477,89.999954,435.877258,-66.863731,179.590302,-126.379387,77.539925,-127.034889,0.508087,0.012973,-0.087415,-0.192200,5.344350,-0.990616,
feedback,1.521909,1786439423407,7,Ry,5.000000,15.000000,5.473482,0.473482,,,335.911011,-66.844963,179.611542,89.999840,50.000477,89.999954,435.884155,-66.861954,179.592224,-126.534782,77.513138,-127.194473,0.740228,0.302975,0.090454,-0.158072,5.389191,-0.956924,
feedback,1.530190,1786439423416,7,Ry,5.000000,15.000000,5.877745,0.877745,,,335.911011,-66.844963,179.611542,89.999840,50.000477,89.999954,435.882599,-66.860550,179.587692,-126.695839,77.484917,-127.359184,-1.016221,0.039904,-1.077848,-0.229494,5.806529,-0.918208,
feedback,1.538291,1786439423424,7,Ry,5.000000,15.000000,5.791414,0.791414,,,335.911011,-66.844963,179.611542,89.999840,50.000477,89.999954,435.874786,-66.866463,179.581680,-126.858093,77.455933,-127.526299,-1.048257,-0.882667,-0.586818,-0.180608,5.680554,-1.135326,
feedback,1.547422,1786439423432,7,Ry,5.000000,15.000000,5.582128,0.582128,,,335.911011,-66.844963,179.611542,89.999840,50.000477,89.999954,435.873199,-66.871582,179.579742,-127.016502,77.428177,-127.689880,0.041550,-0.556916,-0.126365,-0.061164,5.471451,-1.115943,
feedback,1.554911,1786439423441,7,Ry,5.000000,15.000000,5.534764,0.534764,,,335.911011,-66.844963,179.611542,89.999840,50.000477,89.999954,435.879883,-66.875122,179.580292,-127.172112,77.401413,-127.850807,0.931139,-0.473410,-0.224182,-0.053099,5.418443,-1.143772,
feedback,1.563521,1786439423449,7,Ry,5.000000,15.000000,5.302294,0.302294,,,335.911011,-66.844963,179.611542,89.999840,50.000477,89.999954,435.890106,-66.879807,179.583466,-127.320412,77.375511,-128.004700,1.100306,-0.722552,0.282051,-0.078157,5.178494,-1.165803,
feedback,1.571229,1786439423458,7,Ry,5.000000,15.000000,5.291830,0.291830,,,335.911011,-66.844963,179.611542,89.999840,50.000477,89.999954,435.901611,-66.881241,179.587402,-127.544434,77.337364,-128.235794,1.028791,0.361271,0.321902,0.022612,5.208777,-0.933957,
feedback,1.580106,1786439423462,7,Ry,5.000000,15.000000,5.344855,0.344855,,,335.911011,-66.844963,179.611542,89.999840,50.000477,89.999954,435.914886,-66.875076,179.591385,-127.693703,77.311363,-128.388763,1.579544,0.827048,0.387091,-0.038174,5.265737,-0.916357,
feedback,1.587738,1786439423470,7,Ry,5.000000,15.000000,5.369863,0.369863,,,335.911011,-66.844963,179.611542,89.999840,50.000477,89.999954,435.921234,-66.872276,179.594437,-127.768585,77.298103,-128.465683,1.582069,0.698746,0.772529,-0.039077,5.282313,-0.966319,
feedback,1.596709,1786439423479,7,Ry,5.000000,15.000000,5.472342,0.472342,,,335.911011,-66.844963,179.611542,89.999840,50.000477,89.999954,435.929657,-66.865349,179.597977,-127.921165,77.270409,-128.621414,1.259782,0.905047,0.804020,-0.076833,5.404468,-0.863844,
feedback,1.603947,1786439423487,7,Ry,5.000000,15.000000,5.515945,0.515945,,,335.911011,-66.844963,179.611542,89.999840,50.000477,89.999954,435.931244,-66.863380,179.603180,-128.072876,77.242554,-128.776825,0.106339,0.161116,0.676878,-0.096389,5.434083,-0.946922,
feedback,1.611973,1786439423495,7,Ry,5.000000,15.000000,5.562308,0.562308,,,335.911011,-66.844963,179.611542,89.999840,50.000477,89.999954,435.928009,-66.862686,179.603897,-128.226959,77.214157,-128.934464,-0.091982,0.177754,0.402758,-0.039146,5.486444,-0.916973,
feedback,1.620568,1786439423504,7,Ry,5.000000,15.000000,5.485172,0.485172,,,335.911011,-66.844963,179.611542,89.999840,50.000477,89.999954,435.925476,-66.863251,179.601532,-128.380661,77.186302,-129.091873,0.223149,0.163706,0.015728,-0.030500,5.409517,-0.909024,
feedback,1.628652,1786439423512,7,Ry,5.000000,15.000000,5.212101,0.212101,,,335.911011,-66.844963,179.611542,89.999840,50.000477,89.999954,435.932251,-66.861778,179.607910,-128.527512,77.160675,-129.242523,1.041197,0.252468,0.999832,0.165269,5.124465,-0.952854,
feedback,1.636706,1786439423521,7,Ry,5.000000,15.000000,5.232622,0.232622,,,335.911011,-66.844963,179.611542,89.999840,50.000477,89.999954,435.940369,-66.856392,179.614883,-128.677734,77.136757,-129.396103,0.859600,0.761603,0.652393,0.339553,5.162330,-0.856285,
feedback,1.644604,1786439423529,7,Ry,5.000000,15.000000,5.383291,0.383291,,,335.911011,-66.844963,179.611542,89.999840,50.000477,89.999954,435.944061,-66.851715,179.616745,-128.830246,77.111931,-129.551834,0.140705,0.498296,-0.065930,0.325152,5.309287,-0.890525,
feedback,1.652956,1786439423537,7,Ry,5.000000,15.000000,5.710043,0.710043,,,335.911011,-66.844963,179.611542,89.999840,50.000477,89.999954,435.934601,-66.849167,179.609802,-129.065308,77.071136,-129.791702,-1.419312,-0.132324,-0.791881,0.137991,5.635380,-0.922967,
feedback,1.661405,1786439423546,7,Ry,5.000000,15.000000,5.564328,0.564328,,,335.911011,-66.844963,179.611542,89.999840,50.000477,89.999954,435.924805,-66.848419,179.604477,-129.223114,77.042740,-129.952255,-0.583556,0.255417,0.202629,0.146275,5.505188,-0.822216,
feedback,1.669840,1786439423554,7,Ry,5.000000,15.000000,5.656220,0.656220,,,335.911011,-66.844963,179.611542,89.999840,50.000477,89.999954,435.919952,-66.849747,179.602509,-129.376328,77.014221,-130.108902,-0.647172,-0.264328,-0.247945,0.015780,5.582617,-0.912293,
feedback,1.677877,1786439423563,7,Ry,5.000000,15.000000,5.697435,0.697435,,,335.911011,-66.844963,179.611542,89.999840,50.000477,89.999954,435.911041,-66.855934,179.598434,-129.528641,76.985069,-130.265137,-1.104353,-0.747887,-0.451990,-0.054462,5.614767,-0.967318,
feedback,1.685921,1786439423571,7,Ry,5.000000,15.000000,5.464777,0.464777,,,335.911011,-66.844963,179.611542,89.999840,50.000477,89.999954,435.903351,-66.861176,179.597305,-129.676514,76.957085,-130.416901,-0.781783,-0.434000,0.047046,0.021965,5.386687,-0.920980,
feedback,1.693766,1786439423579,7,Ry,5.000000,15.000000,5.475129,0.475129,,,335.911011,-66.844963,179.611542,89.999840,50.000477,89.999954,435.893219,-66.864731,179.594650,-129.822433,76.929375,-130.566238,-1.460609,-0.762188,-0.403230,0.060952,5.389754,-0.963184,
feedback,1.702270,1786439423588,7,Ry,5.000000,15.000000,5.253693,0.253693,,,335.911011,-66.844963,179.611542,89.999840,50.000477,89.999954,435.889526,-66.864365,179.597046,-129.966858,76.903076,-130.714050,-0.024215,0.286751,0.585851,0.202885,5.178439,-0.886389,
feedback,1.710506,1786439423596,7,Ry,5.000000,15.000000,5.257423,0.257423,,,335.911011,-66.844963,179.611542,89.999840,50.000477,89.999954,435.891907,-66.861252,179.604385,-130.110886,76.877464,-130.861786,0.334099,0.348844,1.092345,0.260173,5.173080,-0.938239,
feedback,1.718619,1786439423604,7,Ry,5.000000,15.000000,5.383096,0.383096,,,335.911011,-66.844963,179.611542,89.999840,50.000477,89.999954,435.890137,-66.859634,179.608185,-130.257538,76.850624,-131.012131,-0.090640,0.340178,0.669706,0.209049,5.303054,-0.924850,
feedback,1.726418,1786439423613,7,Ry,5.000000,15.000000,5.475916,0.475916,,,335.911011,-66.844963,179.611542,89.999840,50.000477,89.999954,435.881805,-66.861153,179.607681,-130.407852,76.822388,-131.166153,-0.590036,-0.216589,0.329463,0.193864,5.387004,-0.983293,
feedback,1.734977,1786439423621,7,Ry,5.000000,15.000000,5.730429,0.730429,,,335.911011,-66.844963,179.611542,89.999840,50.000477,89.999954,435.871613,-66.865501,179.600174,-130.561188,76.792595,-131.323303,-0.874090,-0.515914,-0.601286,0.101351,5.643051,-0.996871,
feedback,1.742983,1786439423626,7,Ry,5.000000,15.000000,5.651360,0.651360,,,335.911011,-66.844963,179.611542,89.999840,50.000477,89.999954,435.870667,-66.866447,179.598862,-130.635330,76.778160,-131.399429,-0.242298,-0.237327,-0.322591,0.090625,5.564759,-0.985550,
feedback,1.751375,1786439423634,7,Ry,5.000000,15.000000,5.485223,0.485223,,,335.911011,-66.844963,179.611542,89.999840,50.000477,89.999954,435.869171,-66.869629,179.596100,-130.853958,76.735435,-131.624023,-0.147319,-0.278965,0.036772,0.155081,5.392912,-1.003416,
feedback,1.759608,1786439423642,7,Ry,5.000000,15.000000,5.457974,0.457974,,,335.911011,-66.844963,179.611542,89.999840,50.000477,89.999954,435.866699,-66.870209,179.593079,-130.996216,76.707413,-131.769974,-0.382784,-0.120589,-0.452670,0.071040,5.377138,-0.935933,
feedback,1.768189,1786439423651,7,Ry,5.000000,15.000000,5.183915,0.183915,,,335.911011,-66.844963,179.611542,89.999840,50.000477,89.999954,435.868683,-66.868690,179.593765,-131.134552,76.680000,-131.911896,1.012875,0.479181,0.823491,0.161955,5.100890,-0.924384,
feedback,1.775883,1786439423659,7,Ry,5.000000,15.000000,5.091758,0.091758,,,335.911011,-66.844963,179.611542,89.999840,50.000477,89.999954,435.879303,-66.861305,179.602951,-131.270142,76.653450,-132.050659,2.021602,1.122112,1.893841,0.229371,5.014432,-0.883973,
feedback,1.784690,1786439423668,7,Ry,5.000000,15.000000,5.235143,0.235143,,,335.911011,-66.844963,179.611542,89.999840,50.000477,89.999954,435.893402,-66.851814,179.616180,-131.405853,76.626579,-132.189209,1.733055,1.109815,1.681909,0.127216,5.168590,-0.835375,
feedback,1.793098,1786439423676,7,Ry,5.000000,15.000000,5.513952,0.513952,,,335.911011,-66.844963,179.611542,89.999840,50.000477,89.999954,435.898438,-66.846748,179.620819,-131.547012,76.598015,-132.333435,0.360809,0.539828,0.552742,0.140736,5.447406,-0.859707,
feedback,1.800560,1786439423684,7,Ry,5.000000,15.000000,5.729234,0.729234,,,335.911011,-66.844963,179.611542,89.999840,50.000477,89.999954,435.900391,-66.842400,179.621567,-131.689575,76.568604,-132.478943,0.279594,0.484157,-0.126837,-0.019751,5.662067,-0.882036,
feedback,1.809094,1786439423693,7,Ry,5.000000,15.000000,5.596273,0.596273,,,335.911011,-66.844963,179.611542,89.999840,50.000477,89.999954,435.903870,-66.838051,179.620117,-131.828354,76.538193,-132.620667,0.476839,0.420683,-0.192912,-0.098405,5.527757,-0.878068,
feedback,1.816816,1786439423701,7,Ry,5.000000,15.000000,5.541192,0.541192,,,335.911011,-66.844963,179.611542,89.999840,50.000477,89.999954,435.910553,-66.835480,179.621292,-131.963028,76.508202,-132.759003,1.150471,0.303508,0.370842,-0.139732,5.461115,-0.938871,
feedback,1.824856,1786439423710,7,Ry,5.000000,15.000000,5.292357,0.292357,,,335.911011,-66.844963,179.611542,89.999840,50.000477,89.999954,435.919678,-66.828835,179.624283,-132.093918,76.479416,-132.892868,1.060663,0.997836,0.213384,-0.088094,5.239300,-0.763746,
feedback,1.832976,1786439423718,7,Ry,5.000000,15.000000,5.263913,0.263913,,,335.911011,-66.844963,179.611542,89.999840,50.000477,89.999954,435.930603,-66.818283,179.627243,-132.287338,76.436455,-133.090652,0.744344,0.606330,0.333044,-0.051200,5.193464,-0.860000,
feedback,1.841453,1786439423726,7,Ry,5.000000,15.000000,5.413998,0.413998,,,335.911011,-66.844963,179.611542,89.999840,50.000477,89.999954,435.935730,-66.816589,179.630600,-132.414474,76.406593,-133.222153,0.587158,0.039643,0.422376,-0.224578,5.314999,-1.035100,
feedback,1.849371,1786439423735,7,Ry,5.000000,15.000000,5.448878,0.448878,,,335.911011,-66.844963,179.611542,89.999840,50.000477,89.999954,435.942596,-66.815041,179.635071,-132.540268,76.376213,-133.352219,0.912839,0.109351,0.499985,-0.250478,5.359219,-0.985135,
feedback,1.858569,1786439423743,7,Ry,5.000000,15.000000,5.706075,0.706075,,,335.911011,-66.844963,179.611542,89.999840,50.000477,89.999954,435.941101,-66.817856,179.633911,-132.671463,76.343735,-133.487488,-0.452517,-0.452155,-0.523363,-0.270606,5.622081,-0.975470,
feedback,1.865524,1786439423751,7,Ry,5.000000,15.000000,5.783860,0.783860,,,335.911011,-66.844963,179.611542,89.999840,50.000477,89.999954,435.934509,-66.821739,179.626785,-132.805038,76.310593,-133.625137,-0.902085,-0.553967,-0.896792,-0.278066,5.696561,-1.001013,
feedback,1.873920,1786439423760,7,Ry,5.000000,15.000000,5.821047,0.821047,,,335.911011,-66.844963,179.611542,89.999840,50.000477,89.999954,435.923401,-66.825020,179.614517,-132.938095,76.277130,-133.761810,-1.668563,-0.598603,-1.720908,-0.311451,5.745616,-0.936934,
feedback,1.883696,1786439423768,7,Ry,5.000000,15.000000,5.628537,0.628537,,,335.911011,-66.844963,179.611542,89.999840,50.000477,89.999954,435.915527,-66.828079,179.605453,-133.069244,76.244682,-133.896729,-0.627913,-0.103680,-0.818190,-0.192457,5.555535,-0.906374,
feedback,1.891357,1786439423777,7,Ry,5.000000,15.000000,5.354715,0.354715,,,335.911011,-66.844963,179.611542,89.999840,50.000477,89.999954,435.916229,-66.825485,179.604935,-133.194977,76.214615,-134.025711,0.002278,0.371592,-0.106514,-0.056085,5.289246,-0.839778,
feedback,1.898341,1786439423785,7,Ry,5.000000,15.000000,5.292764,0.292764,,,335.911011,-66.844963,179.611542,89.999840,50.000477,89.999954,435.916168,-66.824387,179.606476,-133.319794,76.185051,-134.154099,-0.030801,0.055598,0.285346,-0.069470,5.214933,-0.904424,
feedback,1.907398,1786439423789,7,Ry,5.000000,15.000000,5.355328,0.355328,,,335.911011,-66.844963,179.611542,89.999840,50.000477,89.999954,435.914734,-66.822586,179.607315,-133.383163,76.170242,-134.218887,-0.365889,0.447262,0.217872,-0.017454,5.294378,-0.814239,
feedback,1.915007,1786439423798,7,Ry,5.000000,15.000000,5.576178,0.576178,,,335.911011,-66.844963,179.611542,89.999840,50.000477,89.999954,435.904449,-66.818848,179.606552,-133.575989,76.124329,-134.415207,-1.302475,0.069487,-0.322601,-0.048737,5.529415,-0.753131,
feedback,1.923272,1786439423806,7,Ry,5.000000,15.000000,5.657677,0.657677,,,335.911011,-66.844963,179.611542,89.999840,50.000477,89.999954,435.897888,-66.817139,179.603973,-133.707870,76.092712,-134.549637,-0.481269,0.079776,-0.171960,-0.026233,5.592094,-0.866963,
feedback,1.930988,1786439423815,7,Ry,5.000000,15.000000,5.766692,0.766692,,,335.911011,-66.844963,179.611542,89.999840,50.000477,89.999954,435.895264,-66.818848,179.600754,-133.838318,76.060646,-134.683853,-0.712386,-0.627605,-0.845930,-0.135350,5.679192,-1.000623,
feedback,1.939296,1786439423823,7,Ry,5.000000,15.000000,5.793253,0.793253,,,335.911011,-66.844963,179.611542,89.999840,50.000477,89.999954,435.886169,-66.822968,179.591522,-133.969833,76.027611,-134.819092,-1.259696,-0.398705,-1.200611,-0.121115,5.719720,-0.923800,
feedback,1.947453,1786439423832,7,Ry,5.000000,15.000000,5.779514,0.779514,,,335.911011,-66.844963,179.611542,89.999840,50.000477,89.999954,435.875214,-66.827690,179.580887,-134.100296,75.994682,-134.953445,-1.540084,-0.672629,-1.392559,-0.116611,5.696958,-0.973736,
feedback,1.955663,1786439423840,7,Ry,5.000000,15.000000,5.467194,0.467194,,,335.911011,-66.844963,179.611542,89.999840,50.000477,89.999954,435.872681,-66.830536,179.578568,-134.223907,75.963715,-135.081436,0.247661,-0.361369,0.049063,-0.097167,5.366157,-1.051126,
feedback,1.963969,1786439423848,7,Ry,5.000000,15.000000,5.303681,0.303681,,,335.911011,-66.844963,179.611542,89.999840,50.000477,89.999954,435.878632,-66.832504,179.581360,-134.343643,75.933952,-135.205963,0.901960,-0.354529,0.244341,-0.068768,5.197062,-1.068474,
feedback,1.972254,1786439423857,7,Ry,5.000000,15.000000,5.367593,0.367593,,,335.911011,-66.844963,179.611542,89.999840,50.000477,89.999954,435.882477,-66.834694,179.581161,-134.465225,75.903633,-135.332199,0.582647,-0.424675,0.158956,-0.040748,5.258949,-1.085565,
feedback,1.980898,1786439423865,7,Ry,5.000000,15.000000,5.554655,0.554655,,,335.911011,-66.844963,179.611542,89.999840,50.000477,89.999954,435.882629,-66.837555,179.581253,-134.588257,75.872864,-135.460007,-0.343480,-0.469036,-0.134919,-0.067198,5.452322,-1.066176,
feedback,1.988490,1786439423874,7,Ry,5.000000,15.000000,5.422447,0.422447,,,335.911011,-66.844963,179.611542,89.999840,50.000477,89.999954,435.886597,-66.837708,179.589188,-134.774796,75.826714,-135.653107,0.753975,0.092568,1.196706,0.151650,5.328172,-1.009105,
feedback,1.996824,1786439423882,7,Ry,5.000000,15.000000,5.535777,0.535777,,,335.911011,-66.844963,179.611542,89.999840,50.000477,89.999954,435.892731,-66.838470,179.595901,-134.902542,75.797089,-135.785614,0.530323,-0.118203,0.528849,0.217707,5.433675,-1.063415,
feedback,2.006618,1786439423891,7,Ry,5.000000,15.000000,5.628557,0.628557,,,335.911011,-66.844963,179.611542,89.999840,50.000477,89.999954,435.896057,-66.839470,179.598618,-135.031052,75.766960,-135.918884,-0.199955,-0.410104,-0.134334,0.178204,5.521705,-1.098433,
feedback,2.012924,1786439423899,7,Ry,5.000000,15.000000,5.365761,0.365761,,,335.911011,-66.844963,179.611542,89.999840,50.000477,89.999954,435.900665,-66.841278,179.601181,-135.156067,75.737213,-136.048813,0.831192,-0.187336,0.589733,0.186599,5.257046,-1.085988,
feedback,2.020987,1786439423907,7,Ry,5.000000,15.000000,5.204215,0.204215,,,335.911011,-66.844963,179.611542,89.999840,50.000477,89.999954,435.910889,-66.842537,179.608658,-135.277145,75.708946,-136.175110,1.478871,-0.157218,1.149318,0.243600,5.082824,-1.143730,
feedback,2.029241,1786439423916,7,Ry,5.000000,15.000000,5.087172,0.087172,,,335.911011,-66.844963,179.611542,89.999840,50.000477,89.999954,435.926422,-66.840958,179.620117,-135.394958,75.681374,-136.298080,2.155191,0.326618,1.569127,0.240978,4.973434,-1.090099,
feedback,2.037390,1786439423924,7,Ry,5.000000,15.000000,5.401025,0.401025,,,335.911011,-66.844963,179.611542,89.999840,50.000477,89.999954,435.939209,-66.838020,179.628113,-135.512238,75.652740,-136.419937,0.914341,0.187934,0.416770,0.072745,5.303616,-1.024960,
feedback,2.046678,1786439423928,7,Ry,5.000000,15.000000,5.373214,0.373214,,,335.911011,-66.844963,179.611542,89.999840,50.000477,89.999954,435.942261,-66.836334,179.629395,-135.572159,75.637688,-136.481842,0.756030,0.420028,0.327813,0.099139,5.285597,-0.966990,
feedback,2.053750,1786439423937,7,Ry,5.000000,15.000000,5.647060,0.647060,,,335.911011,-66.844963,179.611542,89.999840,50.000477,89.999954,435.942932,-66.834900,179.629425,-135.690460,75.605347,-136.603973,-0.340831,-0.109633,-0.294689,-0.172027,5.565587,-0.956117,
feedback,2.062121,1786439423945,7,Ry,5.000000,15.000000,5.346596,0.346596,,,335.911011,-66.844963,179.611542,89.999840,50.000477,89.999954,435.945618,-66.834198,179.633560,-135.809906,75.574074,-136.727615,0.873830,0.425982,1.060780,0.081108,5.260093,-0.958341,
feedback,2.070117,1786439423953,7,Ry,5.000000,15.000000,5.573950,0.573950,,,335.911011,-66.844963,179.611542,89.999840,50.000477,89.999954,435.945923,-66.835144,179.635422,-135.933594,75.542099,-136.855774,0.234951,-0.085163,0.380587,0.100458,5.475498,-1.045996,
feedback,2.079427,1786439423962,7,Ry,5.000000,15.000000,5.577231,0.577231,,,335.911011,-66.844963,179.611542,89.999840,50.000477,89.999954,435.939911,-66.839195,179.633194,-136.119156,75.494553,-137.047852,-0.465661,-0.487362,-0.143634,0.126276,5.473917,-1.073863,
feedback,2.086726,1786439423970,7,Ry,5.000000,15.000000,5.439720,0.439720,,,335.911011,-66.844963,179.611542,89.999840,50.000477,89.999954,435.935272,-66.842964,179.633026,-136.241058,75.464325,-137.174377,-0.591269,-0.488219,-0.012862,0.227987,5.335815,-1.065165,
feedback,2.095594,1786439423979,7,Ry,5.000000,15.000000,5.323355,0.323355,,,335.911011,-66.844963,179.611542,89.999840,50.000477,89.999954,435.932587,-66.842690,179.635132,-136.360336,75.434860,-137.297638,-0.175871,0.127411,0.243378,0.213751,5.234762,-0.968121,
feedback,2.103129,1786439423987,7,Ry,5.000000,15.000000,5.230364,0.230364,,,335.911011,-66.844963,179.611542,89.999840,50.000477,89.999954,435.937347,-66.839470,179.644272,-136.476349,75.406425,-137.417648,0.579059,0.502842,1.029946,0.211005,5.142261,-0.957212,
feedback,2.111444,1786439423995,7,Ry,5.000000,15.000000,5.488476,0.488476,,,335.911011,-66.844963,179.611542,89.999840,50.000477,89.999954,435.938019,-66.839294,179.648941,-136.592834,75.375992,-137.538391,-0.368026,-0.301699,0.205600,0.097636,5.386839,-1.056645,
feedback,2.119548,1786439424004,7,Ry,5.000000,15.000000,5.504697,0.504697,,,335.911011,-66.844963,179.611542,89.999840,50.000477,89.999954,435.931976,-66.840782,179.649460,-136.710480,75.343941,-137.659958,-0.742942,-0.187205,0.240752,0.025776,5.421115,-0.955603,
feedback,2.128107,1786439424012,7,Ry,5.000000,15.000000,5.814711,0.814711,,,335.911011,-66.844963,179.611542,89.999840,50.000477,89.999954,435.916840,-66.847893,179.642685,-136.830490,75.309181,-137.784256,-1.964516,-0.832498,-0.755124,-0.093271,5.723998,-1.023240,
feedback,2.135895,1786439424021,7,Ry,5.000000,15.000000,5.798819,0.798819,,,335.911011,-66.844963,179.611542,89.999840,50.000477,89.999954,435.899902,-66.858948,179.634109,-136.949905,75.274361,-137.908905,-1.458549,-1.192699,-0.676474,-0.081835,5.681755,-1.171406,
feedback,2.143950,1786439424029,7,Ry,5.000000,15.000000,5.597685,0.597685,,,335.911011,-66.844963,179.611542,89.999840,50.000477,89.999954,435.895386,-66.866714,179.633148,-137.065796,75.241524,-138.030701,-0.326914,-0.707718,0.011688,0.005283,5.473917,-1.191818,
feedback,2.152144,1786439424037,7,Ry,5.000000,15.000000,5.433868,0.433868,,,335.911011,-66.844963,179.611542,89.999840,50.000477,89.999954,435.891602,-66.872749,179.630859,-137.180527,75.209564,-138.150635,-0.317579,-0.776998,-0.164762,0.148456,5.315483,-1.146830,
feedback,2.160501,1786439424046,7,Ry,5.000000,15.000000,5.467442,0.467442,,,335.911011,-66.844963,179.611542,89.999840,50.000477,89.999954,435.882507,-66.877808,179.621719,-137.352875,75.161560,-138.329666,-0.846772,-0.295382,-0.821918,0.023693,5.373486,-1.011224,
feedback,2.168440,1786439424055,7,Ry,5.000000,15.000000,5.287882,0.287882,,,335.911011,-66.844963,179.611542,89.999840,50.000477,89.999954,435.883392,-66.877136,179.620224,-137.462326,75.130333,-138.443359,0.475848,0.320983,0.095918,0.003568,5.200840,-0.956305,
feedback,2.176547,1786439424063,7,Ry,5.000000,15.000000,5.590863,0.590863,,,335.911011,-66.844963,179.611542,89.999840,50.000477,89.999954,435.887634,-66.874123,179.621063,-137.570404,75.097321,-138.555023,0.175278,0.342800,-0.240856,-0.157734,5.521406,-0.883136,
feedback,2.185130,1786439424072,7,Ry,5.000000,15.000000,5.771854,0.771854,,,335.911011,-66.844963,179.611542,89.999840,50.000477,89.999954,435.886200,-66.875984,179.616898,-137.681671,75.063377,-138.670486,-0.797036,-0.465490,-1.071201,-0.235452,5.686124,-0.991403,
feedback,2.195318,1786439424081,7,Ry,5.000000,15.000000,5.777977,0.777977,,,335.911011,-66.844963,179.611542,89.999840,50.000477,89.999954,435.883240,-66.879677,179.610489,-137.792770,75.028244,-138.785812,-0.469634,-0.391859,-0.897199,-0.201465,5.692087,-0.992814,
feedback,2.203802,1786439424090,7,Ry,5.000000,15.000000,5.662131,0.662131,,,335.911011,-66.844963,179.611542,89.999840,50.000477,89.999954,435.880035,-66.879692,179.604965,-137.900284,74.992416,-138.896606,-0.032234,0.166484,-0.345630,-0.335044,5.598373,-0.857233,
feedback,2.211626,1786439424098,7,Ry,5.000000,15.000000,5.455036,0.455036,,,335.911011,-66.844963,179.611542,89.999840,50.000477,89.999954,435.888977,-66.876015,179.609222,-138.055237,74.941490,-139.056702,0.590556,0.152455,0.346556,-0.271366,5.380591,-0.899676,
feedback,2.220010,1786439424106,7,Ry,5.000000,15.000000,5.225884,0.225884,,,335.911011,-66.844963,179.611542,89.999840,50.000477,89.999954,435.896118,-66.875458,179.615555,-138.155716,74.909248,-139.161255,0.809351,0.096885,0.819724,-0.127889,5.142898,-0.927947,
feedback,2.228116,1786439424111,7,Ry,5.000000,15.000000,5.231913,0.231913,,,335.911011,-66.844963,179.611542,89.999840,50.000477,89.999954,435.905365,-66.873810,179.624176,-138.255753,74.878159,-139.265442,1.030769,0.168824,1.002294,-0.070759,5.146697,-0.941074,
feedback,2.236457,1786439424119,7,Ry,5.000000,15.000000,4.947399,-0.052601,,,335.911011,-66.844963,179.611542,89.999840,50.000477,89.999954,435.913635,-66.871735,179.630798,-138.304077,74.863350,-139.315735,2.067472,0.517148,1.663044,-0.025362,4.863079,-0.911054,
feedback,2.244444,1786439424127,7,Ry,5.000000,15.000000,5.170228,0.170228,,,335.911011,-66.844963,179.611542,89.999840,50.000477,89.999954,435.926880,-66.868935,179.639450,-138.405396,74.831566,-139.420990,2.111608,0.603725,1.318979,-0.052283,5.089890,-0.908005,
feedback,2.253666,1786439424136,7,Ry,5.000000,15.000000,5.356120,0.356120,,,335.911011,-66.844963,179.611542,89.999840,50.000477,89.999954,435.937134,-66.865265,179.643677,-138.507431,74.798927,-139.526596,1.132450,0.557177,0.350661,-0.122515,5.285931,-0.866795,
feedback,2.262325,1786439424144,7,Ry,5.000000,15.000000,5.779590,0.779590,,,335.911011,-66.844963,179.611542,89.999840,50.000477,89.999954,435.935059,-66.865448,179.638016,-138.615295,74.763222,-139.637787,-0.380866,-0.149222,-0.870298,-0.205147,5.706390,-0.920998,
feedback,2.268842,1786439424153,7,Ry,5.000000,15.000000,5.723825,0.723825,,,335.911011,-66.844963,179.611542,89.999840,50.000477,89.999954,435.931915,-66.866798,179.632217,-138.723160,74.728058,-139.749268,-0.366132,-0.037893,-0.762668,-0.072445,5.652758,-0.903928,
feedback,2.277127,1786439424161,7,Ry,5.000000,15.000000,5.664574,0.664574,,,335.911011,-66.844963,179.611542,89.999840,50.000477,89.999954,435.931580,-66.866570,179.626038,-138.831055,74.692917,-139.860550,0.219708,0.169441,-0.615844,-0.111215,5.596858,-0.879780,
feedback,2.285098,1786439424169,7,Ry,5.000000,15.000000,5.560366,0.560366,,,335.911011,-66.844963,179.611542,89.999840,50.000477,89.999954,435.933197,-66.864708,179.623535,-138.936584,74.658569,-139.969208,0.241735,0.231330,-0.259610,-0.074750,5.490614,-0.882166,
feedback,2.293407,1786439424178,7,Ry,5.000000,15.000000,5.520945,0.520945,,,335.911011,-66.844963,179.611542,89.999840,50.000477,89.999954,435.930939,-66.865082,179.621323,-139.093018,74.609535,-140.131012,-0.701832,-0.117189,-0.478482,0.012881,5.451245,-0.878373,
feedback,2.301704,1786439424186,7,Ry,5.000000,15.000000,5.402670,0.402670,,,335.911011,-66.844963,179.611542,89.999840,50.000477,89.999954,435.927185,-66.864113,179.620865,-139.196503,74.577209,-140.237640,-0.615461,0.253280,-0.143682,0.036930,5.341030,-0.822328,
feedback,2.309686,1786439424195,7,Ry,5.000000,15.000000,5.332777,0.332777,,,335.911011,-66.844963,179.611542,89.999840,50.000477,89.999954,435.926514,-66.858063,179.622574,-139.296814,74.544510,-140.340469,-0.060778,0.696624,0.357755,-0.039006,5.275605,-0.790920,
feedback,2.318769,1786439424203,7,Ry,5.000000,15.000000,5.516322,0.516322,,,335.911011,-66.844963,179.611542,89.999840,50.000477,89.999954,435.927002,-66.853737,179.624481,-139.399094,74.510735,-140.445526,0.076892,0.522715,0.230475,-0.041486,5.459814,-0.803235,
feedback,2.326121,1786439424211,7,Ry,5.000000,15.000000,5.628168,0.628168,,,335.911011,-66.844963,179.611542,89.999840,50.000477,89.999954,435.921753,-66.850670,179.621033,-139.502945,74.475586,-140.551865,-0.897078,0.355266,-0.555686,-0.094493,5.577279,-0.781206,
feedback,2.334339,1786439424220,7,Ry,5.000000,15.000000,5.887199,0.887199,,,335.911011,-66.844963,179.611542,89.999840,50.000477,89.999954,435.909943,-66.849075,179.612228,-139.609619,74.439095,-140.661011,-1.818892,-0.011296,-1.470001,-0.144756,5.835032,-0.811135,
feedback,2.342506,1786439424228,7,Ry,5.000000,15.000000,5.915909,0.915909,,,335.911011,-66.844963,179.611542,89.999840,50.000477,89.999954,435.890839,-66.853401,179.596985,-139.717804,74.402275,-140.772217,-2.396000,-0.591154,-1.803091,-0.034537,5.848608,-0.899402,
feedback,2.350720,1786439424236,7,Ry,5.000000,15.000000,5.510616,0.510616,,,335.911011,-66.844963,179.611542,89.999840,50.000477,89.999954,435.882416,-66.855995,179.589935,-139.826874,74.368629,-140.885071,-0.345338,0.080214,-0.291793,0.262761,5.429409,-0.942749,
feedback,2.359170,1786439424245,7,Ry,5.000000,15.000000,5.364647,0.364647,,,335.911011,-66.844963,179.611542,89.999840,50.000477,89.999954,435.882812,-66.856789,179.589462,-139.932465,74.336800,-140.994781,0.251913,-0.025605,0.145129,0.265854,5.269100,-1.011209,
feedback,2.366935,1786439424250,7,Ry,5.000000,15.000000,5.355601,0.355601,,,335.911011,-66.844963,179.611542,89.999840,50.000477,89.999954,435.881989,-66.860664,179.589996,-140.087509,74.289818,-141.156876,-0.281239,-0.327671,-0.026833,0.202760,5.253294,-1.048710,
feedback,2.375341,1786439424258,7,Ry,5.000000,15.000000,5.409762,0.409762,,,335.911011,-66.844963,179.611542,89.999840,50.000477,89.999954,435.880005,-66.861809,179.589417,-140.138580,74.273666,-141.210083,-0.503461,-0.288415,-0.137862,0.163284,5.315081,-1.010229,
feedback,2.383255,1786439424266,7,Ry,5.000000,15.000000,5.411725,0.411725,,,335.911011,-66.844963,179.611542,89.999840,50.000477,89.999954,435.880035,-66.859825,179.591507,-140.241470,74.241447,-141.316544,0.347220,0.598368,0.504303,0.202571,5.339613,-0.882451,
feedback,2.391523,1786439424275,7,Ry,5.000000,15.000000,5.349955,0.349955,,,335.911011,-66.844963,179.611542,89.999840,50.000477,89.999954,435.885895,-66.854652,179.597107,-140.342041,74.208679,-141.420303,0.882172,0.645960,0.926375,0.143361,5.277225,-0.880555,
feedback,2.399723,1786439424283,7,Ry,5.000000,15.000000,5.670148,0.670148,,,335.911011,-66.844963,179.611542,89.999840,50.000477,89.999954,435.882416,-66.855667,179.595490,-140.443665,74.173279,-141.525711,-0.468582,-0.210073,-0.177361,-0.091591,5.588627,-0.958398,
feedback,2.408345,1786439424292,7,Ry,5.000000,15.000000,5.707943,0.707943,,,335.911011,-66.844963,179.611542,89.999840,50.000477,89.999954,435.876556,-66.858109,179.592026,-140.542770,74.137108,-141.628525,-0.622120,-0.270121,-0.443904,-0.099955,5.629062,-0.946738,
feedback,2.416182,1786439424300,7,Ry,5.000000,15.000000,5.514375,0.514375,,,335.911011,-66.844963,179.611542,89.999840,50.000477,89.999954,435.877380,-66.856895,179.591888,-140.643814,74.102875,-141.733124,0.486101,0.318746,0.193276,0.139659,5.436514,-0.924050,
feedback,2.424356,1786439424308,7,Ry,5.000000,15.000000,5.340073,0.340073,,,335.911011,-66.844963,179.611542,89.999840,50.000477,89.999954,435.886688,-66.854546,179.596802,-140.744461,74.070961,-141.838013,1.319315,0.151445,0.521475,0.288063,5.236187,-1.056378,
feedback,2.432311,1786439424317,7,Ry,5.000000,15.000000,5.352085,0.352085,,,335.911011,-66.844963,179.611542,89.999840,50.000477,89.999954,435.894012,-66.850388,179.599442,-140.844711,74.039581,-141.941864,0.626902,0.424597,0.066606,0.257925,5.267296,-0.949136,
feedback,2.440455,1786439424325,7,Ry,5.000000,15.000000,5.165095,0.165095,,,335.911011,-66.844963,179.611542,89.999840,50.000477,89.999954,435.903503,-66.845016,179.603210,-140.944458,74.008911,-142.045242,1.541666,0.717751,0.756620,0.374822,5.076248,-0.955814,
feedback,2.448886,1786439424334,7,Ry,5.000000,15.000000,5.282617,0.282617,,,335.911011,-66.844963,179.611542,89.999840,50.000477,89.999954,435.925751,-66.830544,179.614624,-141.093033,73.962181,-142.198608,1.955132,1.304650,1.107713,0.226683,5.208836,-0.880602,
feedback,2.456977,1786439424342,7,Ry,5.000000,15.000000,5.360306,0.360306,,,335.911011,-66.844963,179.611542,89.999840,50.000477,89.999954,435.939331,-66.823479,179.621384,-141.190506,73.929611,-142.299606,1.480291,0.814976,0.689031,0.149057,5.284814,-0.897089,
feedback,2.465165,1786439424351,7,Ry,5.000000,15.000000,5.634076,0.634076,,,335.911011,-66.844963,179.611542,89.999840,50.000477,89.999954,435.938354,-66.821579,179.617447,-141.290421,73.894264,-142.402786,-0.276989,0.065947,-0.577612,0.046352,5.559399,-0.916383,
feedback,2.473437,1786439424359,7,Ry,5.000000,15.000000,5.797866,0.797866,,,335.911011,-66.844963,179.611542,89.999840,50.000477,89.999954,435.930145,-66.824371,179.607620,-141.390549,73.857101,-142.506454,-0.899976,-0.524220,-0.951735,-0.052388,5.715050,-0.976876,
feedback,2.481329,1786439424367,7,Ry,5.000000,15.000000,5.639473,0.639473,,,335.911011,-66.844963,179.611542,89.999840,50.000477,89.999954,435.927246,-66.825363,179.602325,-141.487808,73.821434,-142.607285,-0.250502,-0.168560,-0.458805,-0.026465,5.559795,-0.945226,
feedback,2.489589,1786439424376,7,Ry,5.000000,15.000000,5.373604,0.373604,,,335.911011,-66.844963,179.611542,89.999840,50.000477,89.999954,435.932281,-66.823524,179.605286,-141.581665,73.787628,-142.705017,0.726371,0.497608,0.529796,0.057347,5.298067,-0.898510,
feedback,2.497816,1786439424384,7,Ry,5.000000,15.000000,5.259585,0.259585,,,335.911011,-66.844963,179.611542,89.999840,50.000477,89.999954,435.937653,-66.821838,179.611282,-141.674591,73.755745,-142.801910,0.491738,0.078817,0.748424,0.193871,5.168479,-0.976962,
feedback,2.506013,1786439424392,7,Ry,5.000000,15.000000,5.060322,0.060322,,,335.911011,-66.844963,179.611542,89.999840,50.000477,89.999954,435.939423,-66.819740,179.617325,-141.768265,73.724243,-142.899216,0.439491,0.538001,1.064289,0.293312,4.981511,-0.889764,
feedback,2.514513,1786439424401,7,Ry,5.000000,15.000000,5.274479,0.274479,,,335.911011,-66.844963,179.611542,89.999840,50.000477,89.999954,435.934875,-66.820763,179.619125,-141.859650,73.690430,-142.994873,-0.339941,0.046339,0.531058,-0.033834,5.186556,-0.960143,
feedback,2.522634,1786439424409,7,Ry,5.000000,15.000000,5.464316,0.464316,,,335.911011,-66.844963,179.611542,89.999840,50.000477,89.999954,435.932922,-66.820015,179.620789,-141.952682,73.655731,-143.091919,-0.076246,-0.053854,0.349776,0.037687,5.372622,-0.998159,
feedback,2.530717,1786439424414,7,Ry,5.000000,15.000000,5.879206,0.879206,,,335.911011,-66.844963,179.611542,89.999840,50.000477,89.999954,435.928741,-66.823486,179.618958,-142.043335,73.619171,-143.186874,-1.300635,-0.867942,-0.885708,-0.229797,5.786759,-1.038636,
feedback,2.539039,1786439424422,7,Ry,5.000000,15.000000,5.829821,0.829821,,,335.911011,-66.844963,179.611542,89.999840,50.000477,89.999954,435.919983,-66.828369,179.612213,-142.135666,73.581665,-143.283463,-1.445021,-0.781432,-1.034406,-0.173660,5.742080,-1.007609,
feedback,2.547627,1786439424431,7,Ry,5.000000,15.000000,5.910736,0.910736,,,335.911011,-66.844963,179.611542,89.999840,50.000477,89.999954,435.902679,-66.835983,179.598740,-142.224655,73.542152,-143.376282,-2.412977,-0.813066,-1.883401,-0.502655,5.853403,-0.842034,
feedback,2.555338,1786439424439,7,Ry,5.000000,15.000000,5.778886,0.778886,,,335.911011,-66.844963,179.611542,89.999840,50.000477,89.999954,435.885925,-66.842133,179.585037,-142.312653,73.503311,-143.467972,-1.797882,-0.713685,-1.485505,-0.326188,5.705192,-0.923397,
feedback,2.563492,1786439424447,7,Ry,5.000000,15.000000,5.320538,0.320538,,,335.911011,-66.844963,179.611542,89.999840,50.000477,89.999954,435.884827,-66.841400,179.583557,-142.397064,73.467506,-143.555679,0.310927,0.285366,0.310848,-0.223884,5.252476,-0.851383,
feedback,2.571653,1786439424456,7,Ry,5.000000,15.000000,5.372471,0.372471,,,335.911011,-66.844963,179.611542,89.999840,50.000477,89.999954,435.885315,-66.840767,179.583740,-142.480484,73.432739,-143.642807,-0.134821,0.127523,-0.176710,-0.189943,5.299100,-0.886057,
feedback,2.580392,1786439424464,7,Ry,5.000000,15.000000,5.642641,0.642641,,,335.911011,-66.844963,179.611542,89.999840,50.000477,89.999954,435.881927,-66.839203,179.582764,-142.565231,73.397835,-143.730728,-1.391156,-0.082632,-1.055737,-0.222097,5.581884,-0.838144,
feedback,2.588021,1786439424473,7,Ry,5.000000,15.000000,5.431641,0.431641,,,335.911011,-66.844963,179.611542,89.999840,50.000477,89.999954,435.883087,-66.835197,179.584732,-142.650253,73.362877,-143.818756,0.068595,0.583079,0.159523,-0.168859,5.375370,-0.794277,
feedback,2.595924,1786439424481,7,Ry,5.000000,15.000000,5.573347,0.573347,,,335.911011,-66.844963,179.611542,89.999840,50.000477,89.999954,435.887360,-66.830788,179.588730,-142.737213,73.327850,-143.908691,0.306183,0.358118,0.331907,-0.104934,5.508504,-0.855310,
feedback,2.604382,1786439424489,7,Ry,5.000000,15.000000,5.705214,0.705214,,,335.911011,-66.844963,179.611542,89.999840,50.000477,89.999954,435.883728,-66.828430,179.585754,-142.826187,73.290657,-144.000214,-0.648832,0.347646,-0.349182,-0.151332,5.661996,-0.744230,
feedback,2.612392,1786439424498,7,Ry,5.000000,15.000000,5.713847,0.713847,,,335.911011,-66.844963,179.611542,89.999840,50.000477,89.999954,435.870758,-66.828979,179.577682,-142.961838,73.234749,-144.140381,-0.762572,-0.219530,-0.514226,-0.072469,5.636068,-0.940960,
feedback,2.620678,1786439424506,7,Ry,5.000000,15.000000,5.458244,0.458244,,,335.911011,-66.844963,179.611542,89.999840,50.000477,89.999954,435.873077,-66.827797,179.581360,-143.049301,73.199356,-144.231552,0.740021,0.200398,0.622045,0.009990,5.373906,-0.955842,
feedback,2.630782,1786439424515,7,Ry,5.000000,15.000000,5.230677,0.230677,,,335.911011,-66.844963,179.611542,89.999840,50.000477,89.999954,435.883209,-66.827034,179.590347,-143.133377,73.165787,-144.320145,1.299353,-0.010303,1.262255,-0.003375,5.129132,-1.033437,
feedback,2.637236,1786439424523,7,Ry,5.000000,15.000000,5.153624,0.153624,,,335.911011,-66.844963,179.611542,89.999840,50.000477,89.999954,435.895050,-66.824875,179.600922,-143.215820,73.133286,-144.406952,1.261356,0.443366,1.115061,0.042712,5.069336,-0.928921,
feedback,2.645030,1786439424531,7,Ry,5.000000,15.000000,5.153665,0.153665,,,335.911011,-66.844963,179.611542,89.999840,50.000477,89.999954,435.907257,-66.818954,179.610565,-143.298279,73.100693,-144.493103,1.621863,0.804695,1.221301,0.049200,5.076076,-0.890967,
feedback,2.653381,1786439424540,7,Ry,5.000000,15.000000,5.125417,0.125417,,,335.911011,-66.844963,179.611542,89.999840,50.000477,89.999954,435.924194,-66.814209,179.624435,-143.378799,73.068199,-144.578064,2.124917,0.585904,1.736863,-0.003601,5.030058,-0.989175,
feedback,2.661694,1786439424548,7,Ry,5.000000,15.000000,5.356167,0.356167,,,335.911011,-66.844963,179.611542,89.999840,50.000477,89.999954,435.938568,-66.810059,179.636017,-143.460892,73.034103,-144.664398,1.559695,0.385873,1.221523,-0.052149,5.266704,-0.975916,
feedback,2.669906,1786439424552,7,Ry,5.000000,15.000000,5.610510,0.610510,,,335.911011,-66.844963,179.611542,89.999840,50.000477,89.999954,435.939575,-66.811958,179.638519,-143.545502,72.997612,-144.753601,-0.021835,-0.521114,0.217313,-0.109354,5.505072,-1.088678,
feedback,2.678037,1786439424561,7,Ry,5.000000,15.000000,5.656058,0.656058,,,335.911011,-66.844963,179.611542,89.999840,50.000477,89.999954,435.938019,-66.813721,179.638153,-143.587967,72.979141,-144.798309,-0.392349,-0.441979,-0.084248,-0.125820,5.562330,-1.026283,
feedback,2.686154,1786439424569,7,Ry,5.000000,15.000000,5.707974,0.707974,,,335.911011,-66.844963,179.611542,89.999840,50.000477,89.999954,435.931885,-66.816437,179.634506,-143.674042,72.941833,-144.888519,-0.842696,-0.378963,-0.418470,-0.098338,5.621382,-0.990405,
feedback,2.694364,1786439424577,7,Ry,5.000000,15.000000,5.449105,0.449105,,,335.911011,-66.844963,179.611542,89.999840,50.000477,89.999954,435.931396,-66.820786,179.635300,-143.760345,72.906479,-144.979752,0.249808,-0.484570,0.304256,0.191781,5.336196,-1.117073,
feedback,2.702448,1786439424586,7,Ry,5.000000,15.000000,5.310618,0.310618,,,335.911011,-66.844963,179.611542,89.999840,50.000477,89.999954,435.938232,-66.823532,179.643082,-143.890793,72.856262,-145.117508,0.377314,-0.316017,0.628686,0.212983,5.198519,-1.100379,
feedback,2.710735,1786439424594,7,Ry,5.000000,15.000000,5.202990,0.202990,,,335.911011,-66.844963,179.611542,89.999840,50.000477,89.999954,435.943329,-66.822250,179.650650,-143.975632,72.823936,-145.206757,0.519686,0.162177,0.910677,0.253651,5.103284,-1.020721,
feedback,2.719731,1786439424603,7,Ry,5.000000,15.000000,5.467170,0.467170,,,335.911011,-66.844963,179.611542,89.999840,50.000477,89.999954,435.941376,-66.821434,179.653503,-144.060944,72.790611,-145.296249,-0.737170,-0.019198,0.010112,0.157367,5.375038,-1.000865,
feedback,2.727445,1786439424611,7,Ry,5.000000,15.000000,5.498267,0.498267,,,335.911011,-66.844963,179.611542,89.999840,50.000477,89.999954,435.939758,-66.820595,179.654114,-144.147217,72.756264,-145.386597,-0.126698,0.198311,0.040561,0.176856,5.407495,-0.995870,
feedback,2.735293,1786439424620,7,Ry,5.000000,15.000000,5.731768,0.731768,,,335.911011,-66.844963,179.611542,89.999840,50.000477,89.999954,435.936554,-66.822037,179.651352,-144.233658,72.720100,-145.477432,-0.717583,-0.355053,-0.700939,0.012183,5.635921,-1.045055,
feedback,2.743349,1786439424628,7,Ry,5.000000,15.000000,5.902128,0.902128,,,335.911011,-66.844963,179.611542,89.999840,50.000477,89.999954,435.926758,-66.828133,179.641891,-144.320114,72.682190,-145.568512,-1.562579,-1.051659,-1.562761,-0.077812,5.799250,-1.099827,
feedback,2.751785,1786439424636,7,Ry,5.000000,15.000000,6.041580,1.041580,,,335.911011,-66.844963,179.611542,89.999840,50.000477,89.999954,435.907928,-66.837440,179.623901,-144.406372,72.642288,-145.659088,-2.559773,-1.094660,-2.497215,-0.149911,5.958969,-0.997059,
feedback,2.759956,1786439424645,7,Ry,5.000000,15.000000,5.937444,0.937444,,,335.911011,-66.844963,179.611542,89.999840,50.000477,89.999954,435.887604,-66.846825,179.603821,-144.494156,72.602753,-145.751266,-2.053692,-1.124130,-2.186761,-0.040392,5.837184,-1.088055,
feedback,2.768294,1786439424653,7,Ry,5.000000,15.000000,5.429943,0.429943,,,335.911011,-66.844963,179.611542,89.999840,50.000477,89.999954,435.883087,-66.849731,179.594894,-144.579239,72.566742,-145.840759,0.134430,-0.167709,-0.499224,0.151995,5.329022,-1.047426,
feedback,2.775962,1786439424662,7,Ry,5.000000,15.000000,5.418194,0.418194,,,335.911011,-66.844963,179.611542,89.999840,50.000477,89.999954,435.878418,-66.851494,179.585159,-144.706329,72.513733,-145.974274,-0.112043,-0.045141,-0.340692,0.221753,5.317157,-1.047070,
feedback,2.784149,1786439424670,7,Ry,5.000000,15.000000,5.415300,0.415300,,,335.911011,-66.844963,179.611542,89.999840,50.000477,89.999954,435.877838,-66.848686,179.583160,-144.790665,72.479836,-146.062393,-0.116957,0.297487,-0.272409,0.243612,5.328931,-0.963606,
feedback,2.792774,1786439424679,7,Ry,5.000000,15.000000,5.429593,0.429593,,,335.911011,-66.844963,179.611542,89.999840,50.000477,89.999954,435.882751,-66.844452,179.587067,-144.873138,72.446068,-146.148697,0.508122,0.436164,0.468227,0.146392,5.343561,-0.962943,
feedback,2.800672,1786439424687,7,Ry,5.000000,15.000000,5.293407,0.293407,,,335.911011,-66.844963,179.611542,89.999840,50.000477,89.999954,435.886902,-66.844612,179.590256,-144.952652,72.411797,-146.232544,0.451002,-0.083610,0.388569,0.104773,5.198246,-1.002853,
feedback,2.809314,1786439424695,7,Ry,5.000000,15.000000,5.227102,0.227102,,,335.911011,-66.844963,179.611542,89.999840,50.000477,89.999954,435.882996,-66.847092,179.587036,-145.029556,72.377472,-146.313263,-0.658143,-0.396560,-0.560538,0.020866,5.142962,-0.934517,
feedback,2.818198,1786439424699,7,Ry,5.000000,15.000000,5.191955,0.191955,,,335.911011,-66.844963,179.611542,89.999840,50.000477,89.999954,435.876434,-66.852478,179.583832,-145.066635,72.360420,-146.352417,-0.741258,-0.731651,-0.662842,-0.026908,5.103693,-0.954842,
feedback,2.825153,1786439424708,7,Ry,5.000000,15.000000,4.820339,-0.179661,,,335.911011,-66.844963,179.611542,89.999840,50.000477,89.999954,435.875763,-66.854279,179.580093,-145.136261,72.328217,-146.426056,-0.173900,-0.450955,-0.260760,-0.012516,4.736286,-0.898464,
feedback,2.833092,1786439424716,7,Ry,5.000000,15.000000,4.426993,-0.573007,,,335.911011,-66.844963,179.611542,89.999840,50.000477,89.999954,435.880890,-66.854362,179.581757,-145.201035,72.298332,-146.494400,0.777944,0.161752,0.223696,0.004643,4.355364,-0.793561,
feedback,2.841491,1786439424725,7,Ry,5.000000,15.000000,4.094517,-0.905483,,,335.911011,-66.844963,179.611542,89.999840,50.000477,89.999954,435.890381,-66.849724,179.586853,-145.261429,72.271156,-146.557541,1.199077,0.473469,0.611211,0.044275,4.032004,-0.712743,
feedback,2.849366,1786439424733,7,Ry,5.000000,15.000000,3.829828,-1.170172,,,335.911011,-66.844963,179.611542,89.999840,50.000477,89.999954,435.899567,-66.845268,179.593384,-145.319397,72.246399,-146.618240,1.039766,0.460662,0.719336,0.151778,3.765951,-0.697322,
feedback,2.859454,1786439424742,7,Ry,5.000000,15.000000,3.765890,-1.234110,,,335.911011,-66.844963,179.611542,89.999840,50.000477,89.999954,435.907440,-66.841713,179.600525,-145.375916,72.222237,-146.677765,1.098807,0.478201,0.981627,0.156843,3.695248,-0.730131,
feedback,2.865754,1786439424750,7,Ry,5.000000,15.000000,3.562538,-1.437462,,,335.911011,-66.844963,179.611542,89.999840,50.000477,89.999954,435.924622,-66.836678,179.617615,-145.455307,72.186714,-146.761780,1.594803,0.527195,1.641690,0.082333,3.496538,-0.686026,
feedback,2.874636,1786439424758,7,Ry,5.000000,15.000000,3.335384,-1.664616,,,335.911011,-66.844963,179.611542,89.999840,50.000477,89.999954,435.936157,-66.835770,179.629700,-145.504074,72.164215,-146.813828,1.617105,0.348366,1.582307,-0.018041,3.272907,-0.646212,
feedback,2.882443,1786439424767,7,Ry,5.000000,15.000000,2.887572,-2.112428,,,335.911011,-66.844963,179.611542,89.999840,50.000477,89.999954,435.949310,-66.832253,179.643753,-145.545731,72.144592,-146.857986,1.578668,0.493684,1.660098,-0.094468,2.843549,-0.502343,
feedback,2.891488,1786439424775,7,Ry,5.000000,15.000000,2.491890,-2.508110,,,335.911011,-66.844963,179.611542,89.999840,50.000477,89.999954,435.958618,-66.830635,179.654373,-145.582367,72.127266,-146.896805,1.276264,0.259483,1.452429,-0.003428,2.450196,-0.454495,
feedback,2.898855,1786439424784,7,Ry,5.000000,15.000000,2.150701,-2.849299,,,335.911011,-66.844963,179.611542,89.999840,50.000477,89.999954,435.965271,-66.829231,179.662781,-145.611908,72.112144,-146.928299,0.767675,0.129632,0.942868,-0.124289,2.111951,-0.408027,
feedback,2.907805,1786439424792,7,Ry,5.000000,15.000000,1.779307,-3.220693,,,335.911011,-66.844963,179.611542,89.999840,50.000477,89.999954,435.967896,-66.828751,179.667175,-145.635345,72.099152,-146.953445,0.215492,0.153368,0.443043,-0.162268,1.752157,-0.309737,
feedback,2.916108,1786439424800,7,Ry,5.000000,15.000000,1.494054,-3.505946,,,335.911011,-66.844963,179.611542,89.999840,50.000477,89.999954,435.967407,-66.829880,179.667099,-145.655014,72.088501,-146.974640,-0.174428,-0.154294,-0.215290,-0.091050,1.467727,-0.280093,
feedback,2.924051,1786439424809,7,Ry,5.000000,15.000000,1.450473,-3.549527,,,335.911011,-66.844963,179.611542,89.999840,50.000477,89.999954,435.961212,-66.833092,179.662369,-145.672546,72.078384,-146.993195,-0.889316,-0.464664,-0.752855,-0.138065,1.431541,-0.234331,
feedback,2.931657,1786439424817,7,Ry,5.000000,15.000000,1.462921,-3.537079,,,335.911011,-66.844963,179.611542,89.999840,50.000477,89.999954,435.954132,-66.839241,179.654816,-145.690887,72.068428,-147.012894,-1.011396,-0.763062,-1.069400,-0.066874,1.437275,-0.273487,
feedback,2.942052,1786439424826,7,Ry,5.000000,15.000000,1.114297,-3.885703,,,335.911011,-66.844963,179.611542,89.999840,50.000477,89.999954,435.945618,-66.846008,179.645432,-145.713989,72.055313,-147.037674,-0.539835,-0.535939,-0.657456,-0.168131,1.095811,-0.202436,
feedback,2.947929,1786439424835,7,Ry,5.000000,15.000000,0.904715,-4.095285,,,335.911011,-66.844963,179.611542,89.999840,50.000477,89.999954,435.941498,-66.849152,179.641205,-145.725189,72.048859,-147.049835,-0.790008,-0.717523,-0.625023,-0.037611,0.877786,-0.231933,
feedback,2.955954,1786439424839,7,Ry,5.000000,15.000000,0.595140,-4.404860,,,335.911011,-66.844963,179.611542,89.999840,50.000477,89.999954,435.939758,-66.848877,179.639191,-145.732193,72.044106,-147.057205,-0.175715,0.059700,-0.335374,-0.070618,0.589222,-0.085668,
feedback,2.964930,1786439424847,7,Ry,5.000000,15.000000,0.404312,-4.595688,,,335.911011,-66.844963,179.611542,89.999840,50.000477,89.999954,435.940552,-66.848473,179.639847,-145.734329,72.042641,-147.059525,0.194092,0.099439,0.165251,-0.060584,0.398090,-0.070699,
feedback,2.972644,1786439424855,7,Ry,5.000000,15.000000,0.230369,-4.769631,,,335.911011,-66.844963,179.611542,89.999840,50.000477,89.999954,435.939728,-66.848183,179.640045,-145.737000,72.040504,-147.062317,-0.134160,0.008547,0.030422,-0.030460,0.225288,-0.048994,
feedback,2.981345,1786439424864,7,Ry,5.000000,15.000000,0.032687,-4.967313,,,335.911011,-66.844963,179.611542,89.999840,50.000477,89.999954,435.939728,-66.848389,179.640656,-145.737946,72.040016,-147.063431,0.099438,0.010476,0.149560,0.027287,0.030172,-0.017108,
feedback,2.988993,1786439424872,7,Ry,5.000000,15.000000,0.044340,-4.955660,,,335.911011,-66.844963,179.611542,89.999840,50.000477,89.999954,435.937347,-66.849152,179.638809,-145.738022,72.039658,-147.063522,-0.406845,-0.106619,-0.209059,-0.016803,0.045071,0.000258,
feedback,2.997781,1786439424880,7,Ry,5.000000,15.000000,0.014084,-4.985916,,,335.911011,-66.844963,179.611542,89.999840,50.000477,89.999954,435.936005,-66.849991,179.638428,-145.738159,72.039597,-147.063721,-0.138281,-0.100212,-0.126796,0.012512,0.013592,-0.004016,
feedback,3.005499,1786439424889,7,Ry,5.000000,15.000000,0.000573,-4.999427,,,335.911011,-66.844963,179.611542,89.999840,50.000477,89.999954,435.935089,-66.850471,179.637985,-145.738251,72.039528,-147.063858,-0.044807,-0.037018,0.013108,0.004862,-0.000892,-0.008358,
feedback,3.014040,1786439424897,7,Ry,5.000000,15.000000,0.012273,-4.987727,,,335.911011,-66.844963,179.611542,89.999840,50.000477,89.999954,435.934998,-66.850212,179.637955,-145.738159,72.039566,-147.063721,-0.001524,0.021763,-0.127012,0.004108,0.013318,0.004859,
feedback,3.021310,1786439424906,7,Ry,5.000000,15.000000,-0.012273,-5.012273,,,335.911011,-66.844963,179.611542,89.999840,50.000477,89.999954,435.935364,-66.850754,179.638321,-145.738068,72.039688,-147.063766,0.101888,0.011283,0.074348,0.022422,-0.014555,-0.011858,
feedback,3.031740,1786439424914,7,Ry,5.000000,15.000000,0.007042,-4.992958,,,335.911011,-66.844963,179.611542,89.999840,50.000477,89.999954,435.935455,-66.850357,179.638535,-145.737915,72.039734,-147.063522,-0.014394,-0.032080,-0.049227,0.006256,0.006796,-0.002008,
feedback,3.038928,1786439424923,5,Ry,5.000000,15.000000,0.037344,-4.962656,,,335.911011,-66.844963,179.611542,89.999840,50.000477,89.999954,435.934967,-66.850319,179.637863,-145.738052,72.039673,-147.063629,-0.077532,0.024077,-0.271705,-0.006252,0.038823,0.005117,
feedback,3.046368,1786439424931,5,Ry,5.000000,15.000000,-0.008697,-5.008697,,,335.911011,-66.844963,179.611542,89.999840,50.000477,89.999954,435.933960,-66.851639,179.637817,-145.737885,72.039665,-147.063599,-0.043370,-0.185361,0.076674,0.002524,-0.013627,-0.027208,
feedback,3.054070,1786439424939,5,Ry,5.000000,15.000000,-0.013465,-5.013465,,,335.911011,-66.844963,179.611542,89.999840,50.000477,89.999954,435.934357,-66.851013,179.638092,-145.737991,72.039780,-147.063629,0.089041,0.056658,0.024010,0.022422,-0.014555,-0.004992,
feedback,3.062257,1786439424948,5,Ry,5.000000,15.000000,-0.016311,-5.016311,,,335.911011,-66.844963,179.611542,89.999840,50.000477,89.999954,435.934296,-66.851067,179.638428,-145.737732,72.039848,-147.063339,-0.081935,-0.148454,0.053784,0.004672,-0.020149,-0.020341,
